store_id,item_id,wm_yr_wk,sell_price
CA_1,HOBBIES_1_000_CA_1,11101,15.17033754304666
CA_1,HOBBIES_1_000_CA_1,11102,5.613994107951328
CA_1,HOBBIES_1_000_CA_1,11103,8.807365371083181
CA_1,HOBBIES_1_000_CA_1,11104,7.344952767432189
CA_1,HOBBIES_1_000_CA_1,11105,6.70501929738423
CA_1,HOBBIES_1_000_CA_1,11106,4.72171901787361
CA_1,HOBBIES_1_000_CA_1,11107,13.928804397770758
CA_1,HOBBIES_1_000_CA_1,11108,14.389534468482003
CA_1,HOBBIES_1_000_CA_1,11109,7.772358696888345
CA_1,HOBBIES_1_000_CA_1,11110,15.698007381472216
CA_1,HOBBIES_1_000_CA_1,11111,10.29403624177287
CA_1,HOBBIES_1_000_CA_1,11112,8.773798344105765
CA_1,HOBBIES_1_000_CA_1,11113,9.892330250142146
CA_1,HOBBIES_1_000_CA_1,11114,12.914988642174073
CA_1,HOBBIES_1_000_CA_1,11115,10.452456879308436
CA_1,HOBBIES_1_000_CA_1,11116,11.530057283695616
CA_1,HOBBIES_1_000_CA_1,11117,2.887044092692223
CA_1,HOBBIES_1_000_CA_1,11118,4.983264881911102
CA_1,HOBBIES_1_000_CA_1,11119,9.230665201197448
CA_1,HOBBIES_1_000_CA_1,11120,7.884445573411696
CA_1,HOBBIES_1_000_CA_1,11121,14.011128309825574
CA_1,HOBBIES_1_000_CA_1,11122,5.914795803450801
CA_1,HOBBIES_1_000_CA_1,11123,6.976883038709277
CA_1,HOBBIES_1_000_CA_1,11124,4.879231047879228
CA_1,HOBBIES_1_000_CA_1,11125,5.0371693534571715
CA_1,HOBBIES_1_000_CA_1,11126,3.25827838625735
CA_1,HOBBIES_1_000_CA_1,11127,14.195989175611428
CA_1,HOBBIES_1_000_CA_1,11128,9.765110377819695
CA_1,HOBBIES_1_000_CA_1,11129,12.586356217104033
CA_1,HOBBIES_1_000_CA_1,11130,3.924471953119226
CA_1,HOBBIES_1_001_CA_1,11101,4.1324148952178685
CA_1,HOBBIES_1_001_CA_1,11102,8.765098571768164
CA_1,HOBBIES_1_001_CA_1,11103,10.833248382805236
CA_1,HOBBIES_1_001_CA_1,11104,10.919672732002883
CA_1,HOBBIES_1_001_CA_1,11105,4.468394585811521
CA_1,HOBBIES_1_001_CA_1,11106,3.523298610275007
CA_1,HOBBIES_1_001_CA_1,11107,2.7105214922713854
CA_1,HOBBIES_1_001_CA_1,11108,13.788783405528338
CA_1,HOBBIES_1_001_CA_1,11109,15.068213719150089
CA_1,HOBBIES_1_001_CA_1,11110,12.111252404029422
CA_1,HOBBIES_1_001_CA_1,11111,14.294939468504278
CA_1,HOBBIES_1_001_CA_1,11112,4.22573850025239
CA_1,HOBBIES_1_001_CA_1,11113,9.19576001857511
CA_1,HOBBIES_1_001_CA_1,11114,6.887563774255895
CA_1,HOBBIES_1_001_CA_1,11115,11.200662376657375
CA_1,HOBBIES_1_001_CA_1,11116,2.5343635198686627
CA_1,HOBBIES_1_001_CA_1,11117,6.678131693483339
CA_1,HOBBIES_1_001_CA_1,11118,8.279793511669045
CA_1,HOBBIES_1_001_CA_1,11119,11.704096649034922
CA_1,HOBBIES_1_001_CA_1,11120,15.720418894277817
CA_1,HOBBIES_1_001_CA_1,11121,2.0689582573083536
CA_1,HOBBIES_1_001_CA_1,11122,11.838205312053534
CA_1,HOBBIES_1_001_CA_1,11123,7.615314653984722
CA_1,HOBBIES_1_001_CA_1,11124,9.478725257357214
CA_1,HOBBIES_1_001_CA_1,11125,11.758754138364095
CA_1,HOBBIES_1_001_CA_1,11126,12.44994038550365
CA_1,HOBBIES_1_001_CA_1,11127,2.539202778899213
CA_1,HOBBIES_1_001_CA_1,11128,2.6832883455773286
CA_1,HOBBIES_1_001_CA_1,11129,3.6546660867616168
CA_1,HOBBIES_1_001_CA_1,11130,10.856102467960168
CA_1,HOBBIES_1_002_CA_1,11101,12.654968823438638
CA_1,HOBBIES_1_002_CA_1,11102,10.458076130883635
CA_1,HOBBIES_1_002_CA_1,11103,2.0934211693735523
CA_1,HOBBIES_1_002_CA_1,11104,8.723941407345121
CA_1,HOBBIES_1_002_CA_1,11105,7.866241093109675
CA_1,HOBBIES_1_002_CA_1,11106,13.36182638801998
CA_1,HOBBIES_1_002_CA_1,11107,8.673996641393233
CA_1,HOBBIES_1_002_CA_1,11108,5.089570908219983
CA_1,HOBBIES_1_002_CA_1,11109,12.651996082888944
CA_1,HOBBIES_1_002_CA_1,11110,11.8038858313752
CA_1,HOBBIES_1_002_CA_1,11111,10.688724555671891
CA_1,HOBBIES_1_002_CA_1,11112,8.450277077041072
CA_1,HOBBIES_1_002_CA_1,11113,5.425178880629946
CA_1,HOBBIES_1_002_CA_1,11114,8.407550411548362
CA_1,HOBBIES_1_002_CA_1,11115,12.95768531491271
CA_1,HOBBIES_1_002_CA_1,11116,15.631921195975137
CA_1,HOBBIES_1_002_CA_1,11117,3.80364171883968
CA_1,HOBBIES_1_002_CA_1,11118,15.916760778160853
CA_1,HOBBIES_1_002_CA_1,11119,11.180464044705378
CA_1,HOBBIES_1_002_CA_1,11120,7.308811886622657
CA_1,HOBBIES_1_002_CA_1,11121,12.970770154756549
CA_1,HOBBIES_1_002_CA_1,11122,13.036809562278492
CA_1,HOBBIES_1_002_CA_1,11123,3.1787370392651138
CA_1,HOBBIES_1_002_CA_1,11124,9.596123238863184
CA_1,HOBBIES_1_002_CA_1,11125,6.328540792215729
CA_1,HOBBIES_1_002_CA_1,11126,6.317749868429582
CA_1,HOBBIES_1_002_CA_1,11127,14.893943734285696
CA_1,HOBBIES_1_002_CA_1,11128,14.244476655768162
CA_1,HOBBIES_1_002_CA_1,11129,12.728722396342327
CA_1,HOBBIES_1_002_CA_1,11130,13.498405563499617
CA_1,HOBBIES_1_003_CA_1,11101,4.485147657192823
CA_1,HOBBIES_1_003_CA_1,11102,13.63122222407237
CA_1,HOBBIES_1_003_CA_1,11103,15.846660684262298
CA_1,HOBBIES_1_003_CA_1,11104,3.673839834844462
CA_1,HOBBIES_1_003_CA_1,11105,4.591931314071504
CA_1,HOBBIES_1_003_CA_1,11106,14.378733332006014
CA_1,HOBBIES_1_003_CA_1,11107,13.057361489979298
CA_1,HOBBIES_1_003_CA_1,11108,12.490843617986291
CA_1,HOBBIES_1_003_CA_1,11109,9.673170980930195
CA_1,HOBBIES_1_003_CA_1,11110,3.46622007666237
CA_1,HOBBIES_1_003_CA_1,11111,8.257411485023411
CA_1,HOBBIES_1_003_CA_1,11112,9.052650854388638
CA_1,HOBBIES_1_003_CA_1,11113,9.841732576289374
CA_1,HOBBIES_1_003_CA_1,11114,5.631362350974272
CA_1,HOBBIES_1_003_CA_1,11115,15.652743497319896
CA_1,HOBBIES_1_003_CA_1,11116,15.551586130007827
CA_1,HOBBIES_1_003_CA_1,11117,10.450684433920594
CA_1,HOBBIES_1_003_CA_1,11118,9.870746762505462
CA_1,HOBBIES_1_003_CA_1,11119,3.7298405046740064
CA_1,HOBBIES_1_003_CA_1,11120,10.819667225237302
CA_1,HOBBIES_1_003_CA_1,11121,13.23535065191398
CA_1,HOBBIES_1_003_CA_1,11122,7.6667585978728985
CA_1,HOBBIES_1_003_CA_1,11123,10.064727976808403
CA_1,HOBBIES_1_003_CA_1,11124,11.211916660921043
CA_1,HOBBIES_1_003_CA_1,11125,15.743264627886418
CA_1,HOBBIES_1_003_CA_1,11126,9.69046804402584
CA_1,HOBBIES_1_003_CA_1,11127,7.416575675035039
CA_1,HOBBIES_1_003_CA_1,11128,2.7435199984621486
CA_1,HOBBIES_1_003_CA_1,11129,4.897643764273742
CA_1,HOBBIES_1_003_CA_1,11130,8.701775481879901
CA_1,HOBBIES_1_004_CA_1,11101,4.305727796123489
CA_1,HOBBIES_1_004_CA_1,11102,15.327402986306609
CA_1,HOBBIES_1_004_CA_1,11103,2.4398911672522092
CA_1,HOBBIES_1_004_CA_1,11104,5.386004972203885
CA_1,HOBBIES_1_004_CA_1,11105,4.407259655562273
CA_1,HOBBIES_1_004_CA_1,11106,9.55499616249247
CA_1,HOBBIES_1_004_CA_1,11107,7.825368969502684
CA_1,HOBBIES_1_004_CA_1,11108,2.406699425465396
CA_1,HOBBIES_1_004_CA_1,11109,2.1602957802900677
CA_1,HOBBIES_1_004_CA_1,11110,12.600203611646632
CA_1,HOBBIES_1_004_CA_1,11111,15.676293911977249
CA_1,HOBBIES_1_004_CA_1,11112,14.440538745810214
CA_1,HOBBIES_1_004_CA_1,11113,2.185818263354397
CA_1,HOBBIES_1_004_CA_1,11114,5.604562757768143
CA_1,HOBBIES_1_004_CA_1,11115,11.633780791966105
CA_1,HOBBIES_1_004_CA_1,11116,2.782279022037895
CA_1,HOBBIES_1_004_CA_1,11117,12.562035061660497
CA_1,HOBBIES_1_004_CA_1,11118,12.715528628543348
CA_1,HOBBIES_1_004_CA_1,11119,10.839953181783086
CA_1,HOBBIES_1_004_CA_1,11120,7.5243349222821365
CA_1,HOBBIES_1_004_CA_1,11121,5.929744820894566
CA_1,HOBBIES_1_004_CA_1,11122,5.972562547046912
CA_1,HOBBIES_1_004_CA_1,11123,7.426923616588043
CA_1,HOBBIES_1_004_CA_1,11124,12.106250507286816
CA_1,HOBBIES_1_004_CA_1,11125,2.717921958713065
CA_1,HOBBIES_1_004_CA_1,11126,4.750169460963628
CA_1,HOBBIES_1_004_CA_1,11127,3.972515320483193
CA_1,HOBBIES_1_004_CA_1,11128,11.270369427747463
CA_1,HOBBIES_1_004_CA_1,11129,15.75270129050867
CA_1,HOBBIES_1_004_CA_1,11130,6.979714637541659
CA_1,HOBBIES_1_005_CA_1,11101,4.689190798164321
CA_1,HOBBIES_1_005_CA_1,11102,2.568501429581363
CA_1,HOBBIES_1_005_CA_1,11103,13.008623954526238
CA_1,HOBBIES_1_005_CA_1,11104,2.1884203354517355
CA_1,HOBBIES_1_005_CA_1,11105,14.991086738039993
CA_1,HOBBIES_1_005_CA_1,11106,9.298617749054682
CA_1,HOBBIES_1_005_CA_1,11107,12.369881917251357
CA_1,HOBBIES_1_005_CA_1,11108,10.575822294961634
CA_1,HOBBIES_1_005_CA_1,11109,8.215543587819237
CA_1,HOBBIES_1_005_CA_1,11110,3.722305072248976
CA_1,HOBBIES_1_005_CA_1,11111,10.535688753185136
CA_1,HOBBIES_1_005_CA_1,11112,13.573955270049746
CA_1,HOBBIES_1_005_CA_1,11113,5.872939823926079
CA_1,HOBBIES_1_005_CA_1,11114,10.783469330774478
CA_1,HOBBIES_1_005_CA_1,11115,2.1844698445894415
CA_1,HOBBIES_1_005_CA_1,11116,12.914242617409402
CA_1,HOBBIES_1_005_CA_1,11117,3.36352706904
CA_1,HOBBIES_1_005_CA_1,11118,2.653605074112839
CA_1,HOBBIES_1_005_CA_1,11119,6.038935914914264
CA_1,HOBBIES_1_005_CA_1,11120,12.145748515354473
CA_1,HOBBIES_1_005_CA_1,11121,10.697327486301058
CA_1,HOBBIES_1_005_CA_1,11122,9.972704916598602
CA_1,HOBBIES_1_005_CA_1,11123,12.395222412325435
CA_1,HOBBIES_1_005_CA_1,11124,2.0735268142956906
CA_1,HOBBIES_1_005_CA_1,11125,11.476238166251166
CA_1,HOBBIES_1_005_CA_1,11126,11.718966272255722
CA_1,HOBBIES_1_005_CA_1,11127,2.830754830767873
CA_1,HOBBIES_1_005_CA_1,11128,13.0895660499363
CA_1,HOBBIES_1_005_CA_1,11129,14.306049585680446
CA_1,HOBBIES_1_005_CA_1,11130,10.918279382806562
CA_1,HOBBIES_1_006_CA_1,11101,6.0655071336203275
CA_1,HOBBIES_1_006_CA_1,11102,9.994640696423444
CA_1,HOBBIES_1_006_CA_1,11103,12.718212807081501
CA_1,HOBBIES_1_006_CA_1,11104,10.386589160113392
CA_1,HOBBIES_1_006_CA_1,11105,4.900242890151897
CA_1,HOBBIES_1_006_CA_1,11106,7.561771733565479
CA_1,HOBBIES_1_006_CA_1,11107,7.542191276667667
CA_1,HOBBIES_1_006_CA_1,11108,10.702420075844499
CA_1,HOBBIES_1_006_CA_1,11109,4.959631432640534
CA_1,HOBBIES_1_006_CA_1,11110,14.79264525630155
CA_1,HOBBIES_1_006_CA_1,11111,5.415408737928373
CA_1,HOBBIES_1_006_CA_1,11112,12.510981934189589
CA_1,HOBBIES_1_006_CA_1,11113,4.138693687836517
CA_1,HOBBIES_1_006_CA_1,11114,5.296483475563185
CA_1,HOBBIES_1_006_CA_1,11115,6.22026038969854
CA_1,HOBBIES_1_006_CA_1,11116,2.4564262190514388
CA_1,HOBBIES_1_006_CA_1,11117,15.054757713069561
CA_1,HOBBIES_1_006_CA_1,11118,11.154809563421264
CA_1,HOBBIES_1_006_CA_1,11119,11.49989641136626
CA_1,HOBBIES_1_006_CA_1,11120,9.380342311796442
CA_1,HOBBIES_1_006_CA_1,11121,5.147176455440476
CA_1,HOBBIES_1_006_CA_1,11122,7.484334448687847
CA_1,HOBBIES_1_006_CA_1,11123,7.691870571674639
CA_1,HOBBIES_1_006_CA_1,11124,8.54275867324766
CA_1,HOBBIES_1_006_CA_1,11125,9.342086293004861
CA_1,HOBBIES_1_006_CA_1,11126,15.679885779414935
CA_1,HOBBIES_1_006_CA_1,11127,15.75226852398834
CA_1,HOBBIES_1_006_CA_1,11128,15.355704562229109
CA_1,HOBBIES_1_006_CA_1,11129,11.333796792662541
CA_1,HOBBIES_1_006_CA_1,11130,7.710877258110394
CA_1,HOBBIES_1_007_CA_1,11101,5.362813129621275
CA_1,HOBBIES_1_007_CA_1,11102,2.1425496363967316
CA_1,HOBBIES_1_007_CA_1,11103,6.192089077622005
CA_1,HOBBIES_1_007_CA_1,11104,14.69763502005249
CA_1,HOBBIES_1_007_CA_1,11105,13.351249082849083
CA_1,HOBBIES_1_007_CA_1,11106,14.237864831300497
CA_1,HOBBIES_1_007_CA_1,11107,9.319340271012555
CA_1,HOBBIES_1_007_CA_1,11108,7.967660338654946
CA_1,HOBBIES_1_007_CA_1,11109,12.942923254048244
CA_1,HOBBIES_1_007_CA_1,11110,12.334311686270652
CA_1,HOBBIES_1_007_CA_1,11111,2.647868833569903
CA_1,HOBBIES_1_007_CA_1,11112,6.619394738758061
CA_1,HOBBIES_1_007_CA_1,11113,6.394205084728981
CA_1,HOBBIES_1_007_CA_1,11114,9.319866959038825
CA_1,HOBBIES_1_007_CA_1,11115,13.644848880985313
CA_1,HOBBIES_1_007_CA_1,11116,2.6296798592988404
CA_1,HOBBIES_1_007_CA_1,11117,14.760661842100536
CA_1,HOBBIES_1_007_CA_1,11118,11.178621097930145
CA_1,HOBBIES_1_007_CA_1,11119,8.937669494719595
CA_1,HOBBIES_1_007_CA_1,11120,8.599098176448996
CA_1,HOBBIES_1_007_CA_1,11121,7.752822446995255
CA_1,HOBBIES_1_007_CA_1,11122,14.2309553584615
CA_1,HOBBIES_1_007_CA_1,11123,9.903586443074186
CA_1,HOBBIES_1_007_CA_1,11124,12.764370155104963
CA_1,HOBBIES_1_007_CA_1,11125,3.531961068894942
CA_1,HOBBIES_1_007_CA_1,11126,12.802185730283442
CA_1,HOBBIES_1_007_CA_1,11127,8.804413897554957
CA_1,HOBBIES_1_007_CA_1,11128,8.517540915217808
CA_1,HOBBIES_1_007_CA_1,11129,15.649011018997923
CA_1,HOBBIES_1_007_CA_1,11130,2.018160986703494
CA_1,HOBBIES_1_008_CA_1,11101,2.2722020261039813
CA_1,HOBBIES_1_008_CA_1,11102,11.48257640681262
CA_1,HOBBIES_1_008_CA_1,11103,2.7336314173015235
CA_1,HOBBIES_1_008_CA_1,11104,3.821558050433402
CA_1,HOBBIES_1_008_CA_1,11105,8.98818448439907
CA_1,HOBBIES_1_008_CA_1,11106,3.958170876179092
CA_1,HOBBIES_1_008_CA_1,11107,11.045532805283923
CA_1,HOBBIES_1_008_CA_1,11108,11.671795120450193
CA_1,HOBBIES_1_008_CA_1,11109,14.394863585905645
CA_1,HOBBIES_1_008_CA_1,11110,11.42790480994575
CA_1,HOBBIES_1_008_CA_1,11111,3.731323226587694
CA_1,HOBBIES_1_008_CA_1,11112,12.609599588882134
CA_1,HOBBIES_1_008_CA_1,11113,5.123222567894335
CA_1,HOBBIES_1_008_CA_1,11114,6.132489245703996
CA_1,HOBBIES_1_008_CA_1,11115,5.124516362401531
CA_1,HOBBIES_1_008_CA_1,11116,13.05272619947103
CA_1,HOBBIES_1_008_CA_1,11117,8.54992789238864
CA_1,HOBBIES_1_008_CA_1,11118,8.587854400586973
CA_1,HOBBIES_1_008_CA_1,11119,2.1458566825137835
CA_1,HOBBIES_1_008_CA_1,11120,14.108701433354685
CA_1,HOBBIES_1_008_CA_1,11121,4.041846008694469
CA_1,HOBBIES_1_008_CA_1,11122,5.107713797491522
CA_1,HOBBIES_1_008_CA_1,11123,8.791148203339404
CA_1,HOBBIES_1_008_CA_1,11124,7.338258112139465
CA_1,HOBBIES_1_008_CA_1,11125,7.316024633853808
CA_1,HOBBIES_1_008_CA_1,11126,5.485883489001952
CA_1,HOBBIES_1_008_CA_1,11127,12.770072538468416
CA_1,HOBBIES_1_008_CA_1,11128,10.365070208847714
CA_1,HOBBIES_1_008_CA_1,11129,8.656007949611382
CA_1,HOBBIES_1_008_CA_1,11130,14.621340983968924
CA_1,HOBBIES_1_009_CA_1,11101,9.886154794111249
CA_1,HOBBIES_1_009_CA_1,11102,13.95950094620743
CA_1,HOBBIES_1_009_CA_1,11103,15.617736922171158
CA_1,HOBBIES_1_009_CA_1,11104,11.876840712620096
CA_1,HOBBIES_1_009_CA_1,11105,3.1458339302752627
CA_1,HOBBIES_1_009_CA_1,11106,14.757156540845711
CA_1,HOBBIES_1_009_CA_1,11107,2.3000471112263456
CA_1,HOBBIES_1_009_CA_1,11108,14.305957348534234
CA_1,HOBBIES_1_009_CA_1,11109,10.333072498883418
CA_1,HOBBIES_1_009_CA_1,11110,3.9269313977845925
CA_1,HOBBIES_1_009_CA_1,11111,10.038049860180047
CA_1,HOBBIES_1_009_CA_1,11112,5.868258025715631
CA_1,HOBBIES_1_009_CA_1,11113,7.2152392013474556
CA_1,HOBBIES_1_009_CA_1,11114,7.1678014722872305
CA_1,HOBBIES_1_009_CA_1,11115,2.8139804724046877
CA_1,HOBBIES_1_009_CA_1,11116,7.005746620021139
CA_1,HOBBIES_1_009_CA_1,11117,3.2878016229467146
CA_1,HOBBIES_1_009_CA_1,11118,4.159289339674078
CA_1,HOBBIES_1_009_CA_1,11119,11.759638492639994
CA_1,HOBBIES_1_009_CA_1,11120,10.717640187174545
CA_1,HOBBIES_1_009_CA_1,11121,9.162447812616904
CA_1,HOBBIES_1_009_CA_1,11122,6.541726912289105
CA_1,HOBBIES_1_009_CA_1,11123,2.003928712492439
CA_1,HOBBIES_1_009_CA_1,11124,12.171364598898434
CA_1,HOBBIES_1_009_CA_1,11125,8.105954225930793
CA_1,HOBBIES_1_009_CA_1,11126,6.151989529098901
CA_1,HOBBIES_1_009_CA_1,11127,7.750052111577566
CA_1,HOBBIES_1_009_CA_1,11128,9.052174225327043
CA_1,HOBBIES_1_009_CA_1,11129,8.622565513278772
CA_1,HOBBIES_1_009_CA_1,11130,14.838485655597758
CA_1,HOBBIES_1_010_CA_1,11101,12.923558175439949
CA_1,HOBBIES_1_010_CA_1,11102,7.121666885075457
CA_1,HOBBIES_1_010_CA_1,11103,6.647071823577878
CA_1,HOBBIES_1_010_CA_1,11104,12.080701117172836
CA_1,HOBBIES_1_010_CA_1,11105,4.090536329847319
CA_1,HOBBIES_1_010_CA_1,11106,13.064568830280303
CA_1,HOBBIES_1_010_CA_1,11107,9.23472299185471
CA_1,HOBBIES_1_010_CA_1,11108,15.899359676302929
CA_1,HOBBIES_1_010_CA_1,11109,11.242659066781227
CA_1,HOBBIES_1_010_CA_1,11110,8.802915864484726
CA_1,HOBBIES_1_010_CA_1,11111,4.528381674735191
CA_1,HOBBIES_1_010_CA_1,11112,15.859085351733787
CA_1,HOBBIES_1_010_CA_1,11113,6.150979945281612
CA_1,HOBBIES_1_010_CA_1,11114,4.470652476016503
CA_1,HOBBIES_1_010_CA_1,11115,6.9373361409265
CA_1,HOBBIES_1_010_CA_1,11116,14.180060089923913
CA_1,HOBBIES_1_010_CA_1,11117,13.66735048064463
CA_1,HOBBIES_1_010_CA_1,11118,12.351546517557992
CA_1,HOBBIES_1_010_CA_1,11119,7.3694170280491855
CA_1,HOBBIES_1_010_CA_1,11120,11.085520073360518
CA_1,HOBBIES_1_010_CA_1,11121,8.093200709764794
CA_1,HOBBIES_1_010_CA_1,11122,6.647862213598782
CA_1,HOBBIES_1_010_CA_1,11123,5.238041221931432
CA_1,HOBBIES_1_010_CA_1,11124,9.692186305456842
CA_1,HOBBIES_1_010_CA_1,11125,5.276140247316473
CA_1,HOBBIES_1_010_CA_1,11126,11.852642603377026
CA_1,HOBBIES_1_010_CA_1,11127,13.117099307408273
CA_1,HOBBIES_1_010_CA_1,11128,15.34299816916021
CA_1,HOBBIES_1_010_CA_1,11129,6.017530142564588
CA_1,HOBBIES_1_010_CA_1,11130,4.671368406504343
CA_1,HOBBIES_1_011_CA_1,11101,5.499132658683481
CA_1,HOBBIES_1_011_CA_1,11102,9.515513704949946
CA_1,HOBBIES_1_011_CA_1,11103,13.485904539842222
CA_1,HOBBIES_1_011_CA_1,11104,8.895564539267731
CA_1,HOBBIES_1_011_CA_1,11105,13.436494955361633
CA_1,HOBBIES_1_011_CA_1,11106,3.757647971260718
CA_1,HOBBIES_1_011_CA_1,11107,7.281784002096045
CA_1,HOBBIES_1_011_CA_1,11108,14.263197165297504
CA_1,HOBBIES_1_011_CA_1,11109,3.224694865665265
CA_1,HOBBIES_1_011_CA_1,11110,15.472507682186949
CA_1,HOBBIES_1_011_CA_1,11111,7.935834435275003
CA_1,HOBBIES_1_011_CA_1,11112,2.222410992976024
CA_1,HOBBIES_1_011_CA_1,11113,4.6227718477022295
CA_1,HOBBIES_1_011_CA_1,11114,13.8959035524875
CA_1,HOBBIES_1_011_CA_1,11115,10.712662935185595
CA_1,HOBBIES_1_011_CA_1,11116,3.410123097571578
CA_1,HOBBIES_1_011_CA_1,11117,15.575157606595528
CA_1,HOBBIES_1_011_CA_1,11118,8.963767056397224
CA_1,HOBBIES_1_011_CA_1,11119,9.686563185597716
CA_1,HOBBIES_1_011_CA_1,11120,3.949294891101145
CA_1,HOBBIES_1_011_CA_1,11121,15.129918539185155
CA_1,HOBBIES_1_011_CA_1,11122,13.067103707037232
CA_1,HOBBIES_1_011_CA_1,11123,5.4032952926457645
CA_1,HOBBIES_1_011_CA_1,11124,15.071819372678794
CA_1,HOBBIES_1_011_CA_1,11125,7.6164839183922375
CA_1,HOBBIES_1_011_CA_1,11126,7.297167736898989
CA_1,HOBBIES_1_011_CA_1,11127,13.887955920659001
CA_1,HOBBIES_1_011_CA_1,11128,9.556971145333346
CA_1,HOBBIES_1_011_CA_1,11129,4.924044424732272
CA_1,HOBBIES_1_011_CA_1,11130,13.372263404825746
CA_1,HOBBIES_1_012_CA_1,11101,6.535621495810382
CA_1,HOBBIES_1_012_CA_1,11102,12.78828032470208
CA_1,HOBBIES_1_012_CA_1,11103,8.144076300536613
CA_1,HOBBIES_1_012_CA_1,11104,15.843582318620467
CA_1,HOBBIES_1_012_CA_1,11105,3.4096219368032656
CA_1,HOBBIES_1_012_CA_1,11106,12.172549213626192
CA_1,HOBBIES_1_012_CA_1,11107,13.926759650571858
CA_1,HOBBIES_1_012_CA_1,11108,13.095076824968938
CA_1,HOBBIES_1_012_CA_1,11109,15.261556466688138
CA_1,HOBBIES_1_012_CA_1,11110,3.3078192595386744
CA_1,HOBBIES_1_012_CA_1,11111,14.528520970010883
CA_1,HOBBIES_1_012_CA_1,11112,10.43338080391567
CA_1,HOBBIES_1_012_CA_1,11113,6.484277157894897
CA_1,HOBBIES_1_012_CA_1,11114,3.9033386354819513
CA_1,HOBBIES_1_012_CA_1,11115,12.726100461872718
CA_1,HOBBIES_1_012_CA_1,11116,15.671861537491706
CA_1,HOBBIES_1_012_CA_1,11117,12.85748447622675
CA_1,HOBBIES_1_012_CA_1,11118,6.606806686113339
CA_1,HOBBIES_1_012_CA_1,11119,14.662899262431058
CA_1,HOBBIES_1_012_CA_1,11120,7.753965059378728
CA_1,HOBBIES_1_012_CA_1,11121,3.230959667481331
CA_1,HOBBIES_1_012_CA_1,11122,4.609017148885259
CA_1,HOBBIES_1_012_CA_1,11123,4.9463956521373005
CA_1,HOBBIES_1_012_CA_1,11124,9.001058991328234
CA_1,HOBBIES_1_012_CA_1,11125,14.731458678523099
CA_1,HOBBIES_1_012_CA_1,11126,13.620509548166636
CA_1,HOBBIES_1_012_CA_1,11127,3.949208367344073
CA_1,HOBBIES_1_012_CA_1,11128,2.3802914865329403
CA_1,HOBBIES_1_012_CA_1,11129,14.360272318832417
CA_1,HOBBIES_1_012_CA_1,11130,14.916442409691305
CA_1,HOBBIES_1_013_CA_1,11101,12.174404412329721
CA_1,HOBBIES_1_013_CA_1,11102,15.921554505361454
CA_1,HOBBIES_1_013_CA_1,11103,13.718026602555474
CA_1,HOBBIES_1_013_CA_1,11104,5.892052316589777
CA_1,HOBBIES_1_013_CA_1,11105,9.58795269883314
CA_1,HOBBIES_1_013_CA_1,11106,14.545279169595712
CA_1,HOBBIES_1_013_CA_1,11107,7.548695027146516
CA_1,HOBBIES_1_013_CA_1,11108,15.404268834719227
CA_1,HOBBIES_1_013_CA_1,11109,10.804856114894088
CA_1,HOBBIES_1_013_CA_1,11110,4.329754522448314
CA_1,HOBBIES_1_013_CA_1,11111,4.01447861878581
CA_1,HOBBIES_1_013_CA_1,11112,2.232084790363074
CA_1,HOBBIES_1_013_CA_1,11113,6.034541401319407
CA_1,HOBBIES_1_013_CA_1,11114,7.807497182325233
CA_1,HOBBIES_1_013_CA_1,11115,5.013638339030628
CA_1,HOBBIES_1_013_CA_1,11116,12.608656958315642
CA_1,HOBBIES_1_013_CA_1,11117,15.616799200901914
CA_1,HOBBIES_1_013_CA_1,11118,11.639557871494063
CA_1,HOBBIES_1_013_CA_1,11119,8.67497071521364
CA_1,HOBBIES_1_013_CA_1,11120,12.766342243825635
CA_1,HOBBIES_1_013_CA_1,11121,7.801911188470365
CA_1,HOBBIES_1_013_CA_1,11122,13.35073822212892
CA_1,HOBBIES_1_013_CA_1,11123,3.947612066971989
CA_1,HOBBIES_1_013_CA_1,11124,3.105581108880954
CA_1,HOBBIES_1_013_CA_1,11125,7.895765309114081
CA_1,HOBBIES_1_013_CA_1,11126,14.924194230230967
CA_1,HOBBIES_1_013_CA_1,11127,8.376986157422785
CA_1,HOBBIES_1_013_CA_1,11128,4.134789757185478
CA_1,HOBBIES_1_013_CA_1,11129,13.870171521289508
CA_1,HOBBIES_1_013_CA_1,11130,11.566381549754551
CA_1,HOBBIES_1_014_CA_1,11101,5.022983772763395
CA_1,HOBBIES_1_014_CA_1,11102,11.76102130429366
CA_1,HOBBIES_1_014_CA_1,11103,7.838820507960472
CA_1,HOBBIES_1_014_CA_1,11104,6.826379079244961
CA_1,HOBBIES_1_014_CA_1,11105,9.899936428990372
CA_1,HOBBIES_1_014_CA_1,11106,5.139750824030097
CA_1,HOBBIES_1_014_CA_1,11107,10.063232460828958
CA_1,HOBBIES_1_014_CA_1,11108,10.990224910578272
CA_1,HOBBIES_1_014_CA_1,11109,3.2654474852865323
CA_1,HOBBIES_1_014_CA_1,11110,5.002275110464062
CA_1,HOBBIES_1_014_CA_1,11111,13.937389075328591
CA_1,HOBBIES_1_014_CA_1,11112,4.167859054518403
CA_1,HOBBIES_1_014_CA_1,11113,11.438455239607695
CA_1,HOBBIES_1_014_CA_1,11114,8.18204814687051
CA_1,HOBBIES_1_014_CA_1,11115,4.643924939111776
CA_1,HOBBIES_1_014_CA_1,11116,14.463936200630094
CA_1,HOBBIES_1_014_CA_1,11117,14.727696676653501
CA_1,HOBBIES_1_014_CA_1,11118,5.421607148807155
CA_1,HOBBIES_1_014_CA_1,11119,15.976788994926167
CA_1,HOBBIES_1_014_CA_1,11120,14.789127675877706
CA_1,HOBBIES_1_014_CA_1,11121,4.707951939876437
CA_1,HOBBIES_1_014_CA_1,11122,3.128443398360348
CA_1,HOBBIES_1_014_CA_1,11123,7.914811892761732
CA_1,HOBBIES_1_014_CA_1,11124,11.446857962413105
CA_1,HOBBIES_1_014_CA_1,11125,6.597091224377993
CA_1,HOBBIES_1_014_CA_1,11126,12.024068317830473
CA_1,HOBBIES_1_014_CA_1,11127,3.1418542571734567
CA_1,HOBBIES_1_014_CA_1,11128,6.206818787650002
CA_1,HOBBIES_1_014_CA_1,11129,11.568344517587398
CA_1,HOBBIES_1_014_CA_1,11130,13.907828590308903
CA_1,HOBBIES_1_015_CA_1,11101,2.910746138955396
CA_1,HOBBIES_1_015_CA_1,11102,5.54526792908733
CA_1,HOBBIES_1_015_CA_1,11103,13.468854345081377
CA_1,HOBBIES_1_015_CA_1,11104,7.6187455945787015
CA_1,HOBBIES_1_015_CA_1,11105,14.446666230100117
CA_1,HOBBIES_1_015_CA_1,11106,5.069758402463489
CA_1,HOBBIES_1_015_CA_1,11107,3.492170703359843
CA_1,HOBBIES_1_015_CA_1,11108,3.443318726571411
CA_1,HOBBIES_1_015_CA_1,11109,14.169251553987808
CA_1,HOBBIES_1_015_CA_1,11110,15.584606895014286
CA_1,HOBBIES_1_015_CA_1,11111,9.45899030128355
CA_1,HOBBIES_1_015_CA_1,11112,12.761737654746446
CA_1,HOBBIES_1_015_CA_1,11113,10.037622630947942
CA_1,HOBBIES_1_015_CA_1,11114,3.786390311655439
CA_1,HOBBIES_1_015_CA_1,11115,11.228113765198279
CA_1,HOBBIES_1_015_CA_1,11116,8.498049152118858
CA_1,HOBBIES_1_015_CA_1,11117,8.036420786505257
CA_1,HOBBIES_1_015_CA_1,11118,4.688929559042632
CA_1,HOBBIES_1_015_CA_1,11119,7.243588977777132
CA_1,HOBBIES_1_015_CA_1,11120,14.499877431451962
CA_1,HOBBIES_1_015_CA_1,11121,5.802392873478292
CA_1,HOBBIES_1_015_CA_1,11122,11.578870365435396
CA_1,HOBBIES_1_015_CA_1,11123,8.577064565445449
CA_1,HOBBIES_1_015_CA_1,11124,7.171204840058826
CA_1,HOBBIES_1_015_CA_1,11125,5.322087211386037
CA_1,HOBBIES_1_015_CA_1,11126,10.745718476450898
CA_1,HOBBIES_1_015_CA_1,11127,5.966479211143993
CA_1,HOBBIES_1_015_CA_1,11128,5.879378169442844
CA_1,HOBBIES_1_015_CA_1,11129,13.443374546790956
CA_1,HOBBIES_1_015_CA_1,11130,7.611442375000852
CA_1,HOBBIES_1_016_CA_1,11101,5.296119835195072
CA_1,HOBBIES_1_016_CA_1,11102,13.6893085799173
CA_1,HOBBIES_1_016_CA_1,11103,7.611292541319366
CA_1,HOBBIES_1_016_CA_1,11104,3.1198909301244235
CA_1,HOBBIES_1_016_CA_1,11105,6.661025356105299
CA_1,HOBBIES_1_016_CA_1,11106,13.395110169117387
CA_1,HOBBIES_1_016_CA_1,11107,7.267857867023284
CA_1,HOBBIES_1_016_CA_1,11108,10.449877779865856
CA_1,HOBBIES_1_016_CA_1,11109,7.299063495468117
CA_1,HOBBIES_1_016_CA_1,11110,12.565152988340014
CA_1,HOBBIES_1_016_CA_1,11111,10.28284382173146
CA_1,HOBBIES_1_016_CA_1,11112,9.126498521496275
CA_1,HOBBIES_1_016_CA_1,11113,4.660832758934412
CA_1,HOBBIES_1_016_CA_1,11114,2.9394764158054985
CA_1,HOBBIES_1_016_CA_1,11115,13.413230714829012
CA_1,HOBBIES_1_016_CA_1,11116,4.4203382695241356
CA_1,HOBBIES_1_016_CA_1,11117,11.456259334560206
CA_1,HOBBIES_1_016_CA_1,11118,10.886921442977103
CA_1,HOBBIES_1_016_CA_1,11119,10.807696852027554
CA_1,HOBBIES_1_016_CA_1,11120,3.9145968194561673
CA_1,HOBBIES_1_016_CA_1,11121,9.695899708002958
CA_1,HOBBIES_1_016_CA_1,11122,12.868348882920232
CA_1,HOBBIES_1_016_CA_1,11123,13.257298999968288
CA_1,HOBBIES_1_016_CA_1,11124,5.037723333352152
CA_1,HOBBIES_1_016_CA_1,11125,15.488014519011092
CA_1,HOBBIES_1_016_CA_1,11126,3.32526379780556
CA_1,HOBBIES_1_016_CA_1,11127,5.804958454130995
CA_1,HOBBIES_1_016_CA_1,11128,6.907762380193143
CA_1,HOBBIES_1_016_CA_1,11129,2.438495367146495
CA_1,HOBBIES_1_016_CA_1,11130,8.28196314374235
CA_1,HOBBIES_1_017_CA_1,11101,9.153568207522763
CA_1,HOBBIES_1_017_CA_1,11102,13.382043223328422
CA_1,HOBBIES_1_017_CA_1,11103,11.911209212730299
CA_1,HOBBIES_1_017_CA_1,11104,4.469808011319155
CA_1,HOBBIES_1_017_CA_1,11105,11.607106275582057
CA_1,HOBBIES_1_017_CA_1,11106,3.7785436509323134
CA_1,HOBBIES_1_017_CA_1,11107,10.481700919684318
CA_1,HOBBIES_1_017_CA_1,11108,10.662314466982082
CA_1,HOBBIES_1_017_CA_1,11109,5.326878634965128
CA_1,HOBBIES_1_017_CA_1,11110,2.007654444756978
CA_1,HOBBIES_1_017_CA_1,11111,3.9189461204756557
CA_1,HOBBIES_1_017_CA_1,11112,2.997209472279108
CA_1,HOBBIES_1_017_CA_1,11113,10.208006267661439
CA_1,HOBBIES_1_017_CA_1,11114,6.098775195130759
CA_1,HOBBIES_1_017_CA_1,11115,6.439438805382195
CA_1,HOBBIES_1_017_CA_1,11116,4.885584429490247
CA_1,HOBBIES_1_017_CA_1,11117,10.839174860261167
CA_1,HOBBIES_1_017_CA_1,11118,7.534945139312198
CA_1,HOBBIES_1_017_CA_1,11119,4.0235481091414576
CA_1,HOBBIES_1_017_CA_1,11120,6.83925183248291
CA_1,HOBBIES_1_017_CA_1,11121,12.849260192567355
CA_1,HOBBIES_1_017_CA_1,11122,11.167051379389545
CA_1,HOBBIES_1_017_CA_1,11123,15.223784540022626
CA_1,HOBBIES_1_017_CA_1,11124,11.287273980305963
CA_1,HOBBIES_1_017_CA_1,11125,3.211934435638293
CA_1,HOBBIES_1_017_CA_1,11126,11.34516996818648
CA_1,HOBBIES_1_017_CA_1,11127,11.113755397492191
CA_1,HOBBIES_1_017_CA_1,11128,3.3664407350250967
CA_1,HOBBIES_1_017_CA_1,11129,13.81659690479194
CA_1,HOBBIES_1_017_CA_1,11130,10.121357358061543
CA_1,HOBBIES_1_018_CA_1,11101,4.164080808724351
CA_1,HOBBIES_1_018_CA_1,11102,3.7058711672347178
CA_1,HOBBIES_1_018_CA_1,11103,8.304193620641039
CA_1,HOBBIES_1_018_CA_1,11104,8.432734446712947
CA_1,HOBBIES_1_018_CA_1,11105,8.75845285039884
CA_1,HOBBIES_1_018_CA_1,11106,14.283446660695622
CA_1,HOBBIES_1_018_CA_1,11107,11.194706777264795
CA_1,HOBBIES_1_018_CA_1,11108,13.737165982292497
CA_1,HOBBIES_1_018_CA_1,11109,4.380507019454123
CA_1,HOBBIES_1_018_CA_1,11110,8.606774082441744
CA_1,HOBBIES_1_018_CA_1,11111,13.154576578396233
CA_1,HOBBIES_1_018_CA_1,11112,10.614967310462912
CA_1,HOBBIES_1_018_CA_1,11113,6.7603528391192675
CA_1,HOBBIES_1_018_CA_1,11114,6.580739802657307
CA_1,HOBBIES_1_018_CA_1,11115,6.295318266614451
CA_1,HOBBIES_1_018_CA_1,11116,9.62483909337899
CA_1,HOBBIES_1_018_CA_1,11117,6.590886070314743
CA_1,HOBBIES_1_018_CA_1,11118,5.359335155725967
CA_1,HOBBIES_1_018_CA_1,11119,9.177357196672647
CA_1,HOBBIES_1_018_CA_1,11120,15.771500675330298
CA_1,HOBBIES_1_018_CA_1,11121,3.0914817917616224
CA_1,HOBBIES_1_018_CA_1,11122,13.90367156370717
CA_1,HOBBIES_1_018_CA_1,11123,4.677919454234877
CA_1,HOBBIES_1_018_CA_1,11124,11.716342716929866
CA_1,HOBBIES_1_018_CA_1,11125,2.5755930364016404
CA_1,HOBBIES_1_018_CA_1,11126,4.985193370110151
CA_1,HOBBIES_1_018_CA_1,11127,9.207395239950113
CA_1,HOBBIES_1_018_CA_1,11128,11.224868966501274
CA_1,HOBBIES_1_018_CA_1,11129,11.424764226938992
CA_1,HOBBIES_1_018_CA_1,11130,13.24766397588061
CA_1,HOBBIES_1_019_CA_1,11101,2.2896565303325978
CA_1,HOBBIES_1_019_CA_1,11102,8.495194756580242
CA_1,HOBBIES_1_019_CA_1,11103,5.592267197109222
CA_1,HOBBIES_1_019_CA_1,11104,11.075675615733587
CA_1,HOBBIES_1_019_CA_1,11105,13.600879816275752
CA_1,HOBBIES_1_019_CA_1,11106,9.672677468603808
CA_1,HOBBIES_1_019_CA_1,11107,8.241864606310777
CA_1,HOBBIES_1_019_CA_1,11108,13.741541178100924
CA_1,HOBBIES_1_019_CA_1,11109,9.803879746575092
CA_1,HOBBIES_1_019_CA_1,11110,9.11254409100962
CA_1,HOBBIES_1_019_CA_1,11111,7.3302497941607285
CA_1,HOBBIES_1_019_CA_1,11112,9.38478893752384
CA_1,HOBBIES_1_019_CA_1,11113,8.98599645501372
CA_1,HOBBIES_1_019_CA_1,11114,12.952327877629015
CA_1,HOBBIES_1_019_CA_1,11115,3.3140763168493854
CA_1,HOBBIES_1_019_CA_1,11116,8.266050929147724
CA_1,HOBBIES_1_019_CA_1,11117,8.695128602630135
CA_1,HOBBIES_1_019_CA_1,11118,6.457744448403474
CA_1,HOBBIES_1_019_CA_1,11119,10.030363935048316
CA_1,HOBBIES_1_019_CA_1,11120,9.399425825580384
CA_1,HOBBIES_1_019_CA_1,11121,7.050710885713999
CA_1,HOBBIES_1_019_CA_1,11122,3.2104280814790735
CA_1,HOBBIES_1_019_CA_1,11123,4.68002856261015
CA_1,HOBBIES_1_019_CA_1,11124,6.855235166734206
CA_1,HOBBIES_1_019_CA_1,11125,4.284637548519571
CA_1,HOBBIES_1_019_CA_1,11126,14.04295637945701
CA_1,HOBBIES_1_019_CA_1,11127,15.389121122879065
CA_1,HOBBIES_1_019_CA_1,11128,2.1176076010000733
CA_1,HOBBIES_1_019_CA_1,11129,5.082934874203769
CA_1,HOBBIES_1_019_CA_1,11130,15.487397127218605
CA_1,HOBBIES_1_020_CA_1,11101,8.98920607137087
CA_1,HOBBIES_1_020_CA_1,11102,4.6310044457926
CA_1,HOBBIES_1_020_CA_1,11103,14.391926228714215
CA_1,HOBBIES_1_020_CA_1,11104,3.1858861922989323
CA_1,HOBBIES_1_020_CA_1,11105,5.417662950689172
CA_1,HOBBIES_1_020_CA_1,11106,8.68307869299999
CA_1,HOBBIES_1_020_CA_1,11107,14.9406983304177
CA_1,HOBBIES_1_020_CA_1,11108,2.4405862618346448
CA_1,HOBBIES_1_020_CA_1,11109,15.416407888057284
CA_1,HOBBIES_1_020_CA_1,11110,4.665421299273937
CA_1,HOBBIES_1_020_CA_1,11111,7.52794787967625
CA_1,HOBBIES_1_020_CA_1,11112,13.538184283424565
CA_1,HOBBIES_1_020_CA_1,11113,3.062599850060523
CA_1,HOBBIES_1_020_CA_1,11114,4.231173803653462
CA_1,HOBBIES_1_020_CA_1,11115,12.124342304158931
CA_1,HOBBIES_1_020_CA_1,11116,10.533685665067072
CA_1,HOBBIES_1_020_CA_1,11117,11.370437759825277
CA_1,HOBBIES_1_020_CA_1,11118,6.544089482581817
CA_1,HOBBIES_1_020_CA_1,11119,14.012648528880117
CA_1,HOBBIES_1_020_CA_1,11120,6.894615557520157
CA_1,HOBBIES_1_020_CA_1,11121,6.263733703465438
CA_1,HOBBIES_1_020_CA_1,11122,12.884692581538292
CA_1,HOBBIES_1_020_CA_1,11123,3.5077674744237646
CA_1,HOBBIES_1_020_CA_1,11124,9.75827818744163
CA_1,HOBBIES_1_020_CA_1,11125,11.847647684070864
CA_1,HOBBIES_1_020_CA_1,11126,10.557145277641448
CA_1,HOBBIES_1_020_CA_1,11127,4.091883367921501
CA_1,HOBBIES_1_020_CA_1,11128,12.153885165022684
CA_1,HOBBIES_1_020_CA_1,11129,12.024444873962432
CA_1,HOBBIES_1_020_CA_1,11130,14.095532018773506
CA_1,HOBBIES_1_021_CA_1,11101,13.884497299309801
CA_1,HOBBIES_1_021_CA_1,11102,15.692257439423267
CA_1,HOBBIES_1_021_CA_1,11103,7.0076018615610085
CA_1,HOBBIES_1_021_CA_1,11104,15.084171626739474
CA_1,HOBBIES_1_021_CA_1,11105,4.251089746327195
CA_1,HOBBIES_1_021_CA_1,11106,7.570199348420039
CA_1,HOBBIES_1_021_CA_1,11107,6.889060619857938
CA_1,HOBBIES_1_021_CA_1,11108,10.895176634792941
CA_1,HOBBIES_1_021_CA_1,11109,5.445359113145472
CA_1,HOBBIES_1_021_CA_1,11110,2.0956006220666143
CA_1,HOBBIES_1_021_CA_1,11111,4.521064802680852
CA_1,HOBBIES_1_021_CA_1,11112,7.853749173231667
CA_1,HOBBIES_1_021_CA_1,11113,15.368768324615454
CA_1,HOBBIES_1_021_CA_1,11114,14.288421502270426
CA_1,HOBBIES_1_021_CA_1,11115,10.780395563877837
CA_1,HOBBIES_1_021_CA_1,11116,8.640347423195527
CA_1,HOBBIES_1_021_CA_1,11117,13.161753913102423
CA_1,HOBBIES_1_021_CA_1,11118,8.170237874767626
CA_1,HOBBIES_1_021_CA_1,11119,15.845783517315283
CA_1,HOBBIES_1_021_CA_1,11120,12.799252713014205
CA_1,HOBBIES_1_021_CA_1,11121,15.476965379533565
CA_1,HOBBIES_1_021_CA_1,11122,11.90373071657111
CA_1,HOBBIES_1_021_CA_1,11123,3.351380723525693
CA_1,HOBBIES_1_021_CA_1,11124,2.3872702934509444
CA_1,HOBBIES_1_021_CA_1,11125,13.137495607093154
CA_1,HOBBIES_1_021_CA_1,11126,3.904576067498433
CA_1,HOBBIES_1_021_CA_1,11127,8.547798194962201
CA_1,HOBBIES_1_021_CA_1,11128,5.741416419181957
CA_1,HOBBIES_1_021_CA_1,11129,13.487148306904961
CA_1,HOBBIES_1_021_CA_1,11130,14.146053873071695
CA_1,HOBBIES_1_022_CA_1,11101,4.011564681872674
CA_1,HOBBIES_1_022_CA_1,11102,13.630667445953627
CA_1,HOBBIES_1_022_CA_1,11103,6.840306784657926
CA_1,HOBBIES_1_022_CA_1,11104,9.73191079430248
CA_1,HOBBIES_1_022_CA_1,11105,6.9946352080086065
CA_1,HOBBIES_1_022_CA_1,11106,5.456858475692395
CA_1,HOBBIES_1_022_CA_1,11107,6.005666250161149
CA_1,HOBBIES_1_022_CA_1,11108,7.568412147088025
CA_1,HOBBIES_1_022_CA_1,11109,8.24283786026029
CA_1,HOBBIES_1_022_CA_1,11110,2.6103790991600633
CA_1,HOBBIES_1_022_CA_1,11111,8.563307870021113
CA_1,HOBBIES_1_022_CA_1,11112,10.429767991440205
CA_1,HOBBIES_1_022_CA_1,11113,13.192162435592307
CA_1,HOBBIES_1_022_CA_1,11114,7.468745265046466
CA_1,HOBBIES_1_022_CA_1,11115,5.9719188399594305
CA_1,HOBBIES_1_022_CA_1,11116,7.783688310073133
CA_1,HOBBIES_1_022_CA_1,11117,15.977907490483375
CA_1,HOBBIES_1_022_CA_1,11118,3.7745543409464735
CA_1,HOBBIES_1_022_CA_1,11119,5.687628494291274
CA_1,HOBBIES_1_022_CA_1,11120,7.736069040562906
CA_1,HOBBIES_1_022_CA_1,11121,3.5961590598985502
CA_1,HOBBIES_1_022_CA_1,11122,10.525120285341451
CA_1,HOBBIES_1_022_CA_1,11123,14.335219345539068
CA_1,HOBBIES_1_022_CA_1,11124,9.368812814705798
CA_1,HOBBIES_1_022_CA_1,11125,4.558794979500726
CA_1,HOBBIES_1_022_CA_1,11126,8.248076584468985
CA_1,HOBBIES_1_022_CA_1,11127,2.729779169351665
CA_1,HOBBIES_1_022_CA_1,11128,10.963634029269473
CA_1,HOBBIES_1_022_CA_1,11129,2.3438533430846427
CA_1,HOBBIES_1_022_CA_1,11130,4.472086974018124
CA_1,HOBBIES_1_023_CA_1,11101,3.3134580035569554
CA_1,HOBBIES_1_023_CA_1,11102,3.217445852776022
CA_1,HOBBIES_1_023_CA_1,11103,14.139678337213274
CA_1,HOBBIES_1_023_CA_1,11104,13.748751328909599
CA_1,HOBBIES_1_023_CA_1,11105,15.818722298433121
CA_1,HOBBIES_1_023_CA_1,11106,11.146062726955577
CA_1,HOBBIES_1_023_CA_1,11107,12.673946447018224
CA_1,HOBBIES_1_023_CA_1,11108,11.4594709623449
CA_1,HOBBIES_1_023_CA_1,11109,15.413351560269092
CA_1,HOBBIES_1_023_CA_1,11110,2.289126953214611
CA_1,HOBBIES_1_023_CA_1,11111,9.496077965501911
CA_1,HOBBIES_1_023_CA_1,11112,9.396043562292542
CA_1,HOBBIES_1_023_CA_1,11113,11.365975751350353
CA_1,HOBBIES_1_023_CA_1,11114,11.326476018095978
CA_1,HOBBIES_1_023_CA_1,11115,5.155911982392601
CA_1,HOBBIES_1_023_CA_1,11116,4.0481465246218775
CA_1,HOBBIES_1_023_CA_1,11117,6.999424537864998
CA_1,HOBBIES_1_023_CA_1,11118,4.098449091371284
CA_1,HOBBIES_1_023_CA_1,11119,9.338765873893372
CA_1,HOBBIES_1_023_CA_1,11120,6.4096551865173605
CA_1,HOBBIES_1_023_CA_1,11121,8.49003882429828
CA_1,HOBBIES_1_023_CA_1,11122,13.915951688976813
CA_1,HOBBIES_1_023_CA_1,11123,2.25975344706609
CA_1,HOBBIES_1_023_CA_1,11124,15.847840598272947
CA_1,HOBBIES_1_023_CA_1,11125,2.589811699437979
CA_1,HOBBIES_1_023_CA_1,11126,8.576793415673084
CA_1,HOBBIES_1_023_CA_1,11127,14.945437899053287
CA_1,HOBBIES_1_023_CA_1,11128,13.851714990569864
CA_1,HOBBIES_1_023_CA_1,11129,9.400255702973833
CA_1,HOBBIES_1_023_CA_1,11130,6.100468941974423
CA_1,HOBBIES_1_024_CA_1,11101,3.400666482221373
CA_1,HOBBIES_1_024_CA_1,11102,8.880388583067914
CA_1,HOBBIES_1_024_CA_1,11103,12.23000139811973
CA_1,HOBBIES_1_024_CA_1,11104,10.640192117392678
CA_1,HOBBIES_1_024_CA_1,11105,15.450614594428746
CA_1,HOBBIES_1_024_CA_1,11106,5.163924757395061
CA_1,HOBBIES_1_024_CA_1,11107,13.091680715510863
CA_1,HOBBIES_1_024_CA_1,11108,12.331807522894813
CA_1,HOBBIES_1_024_CA_1,11109,5.783914837758983
CA_1,HOBBIES_1_024_CA_1,11110,4.099699969920175
CA_1,HOBBIES_1_024_CA_1,11111,11.762843502535663
CA_1,HOBBIES_1_024_CA_1,11112,3.9445003963341385
CA_1,HOBBIES_1_024_CA_1,11113,9.278777821338233
CA_1,HOBBIES_1_024_CA_1,11114,10.09307965429058
CA_1,HOBBIES_1_024_CA_1,11115,4.422800558284928
CA_1,HOBBIES_1_024_CA_1,11116,10.065463508149305
CA_1,HOBBIES_1_024_CA_1,11117,15.345281982533335
CA_1,HOBBIES_1_024_CA_1,11118,14.302812375838895
CA_1,HOBBIES_1_024_CA_1,11119,2.6937328172883825
CA_1,HOBBIES_1_024_CA_1,11120,12.148561509603288
CA_1,HOBBIES_1_024_CA_1,11121,9.210030381242394
CA_1,HOBBIES_1_024_CA_1,11122,8.75800387327088
CA_1,HOBBIES_1_024_CA_1,11123,2.4518146011455406
CA_1,HOBBIES_1_024_CA_1,11124,14.269806541050084
CA_1,HOBBIES_1_024_CA_1,11125,4.912937267302497
CA_1,HOBBIES_1_024_CA_1,11126,14.712388485244077
CA_1,HOBBIES_1_024_CA_1,11127,12.759351696802108
CA_1,HOBBIES_1_024_CA_1,11128,2.4974161297232556
CA_1,HOBBIES_1_024_CA_1,11129,8.893946050089284
CA_1,HOBBIES_1_024_CA_1,11130,5.008981084535162
CA_1,HOBBIES_1_025_CA_1,11101,8.903945508367075
CA_1,HOBBIES_1_025_CA_1,11102,3.6238697511511866
CA_1,HOBBIES_1_025_CA_1,11103,4.528719511928367
CA_1,HOBBIES_1_025_CA_1,11104,4.530438786230213
CA_1,HOBBIES_1_025_CA_1,11105,6.452556400932361
CA_1,HOBBIES_1_025_CA_1,11106,4.015454492126616
CA_1,HOBBIES_1_025_CA_1,11107,13.121124512835966
CA_1,HOBBIES_1_025_CA_1,11108,11.925354992976654
CA_1,HOBBIES_1_025_CA_1,11109,4.4986979951329555
CA_1,HOBBIES_1_025_CA_1,11110,5.0730091687388015
CA_1,HOBBIES_1_025_CA_1,11111,14.726298869706403
CA_1,HOBBIES_1_025_CA_1,11112,10.512773507537595
CA_1,HOBBIES_1_025_CA_1,11113,13.460376057157056
CA_1,HOBBIES_1_025_CA_1,11114,3.835119183604867
CA_1,HOBBIES_1_025_CA_1,11115,15.634965854148025
CA_1,HOBBIES_1_025_CA_1,11116,3.512388936958729
CA_1,HOBBIES_1_025_CA_1,11117,12.412823260849729
CA_1,HOBBIES_1_025_CA_1,11118,6.363346238289405
CA_1,HOBBIES_1_025_CA_1,11119,13.118033044549033
CA_1,HOBBIES_1_025_CA_1,11120,2.059092704099195
CA_1,HOBBIES_1_025_CA_1,11121,7.374244623754006
CA_1,HOBBIES_1_025_CA_1,11122,14.020262138856683
CA_1,HOBBIES_1_025_CA_1,11123,12.371563371957627
CA_1,HOBBIES_1_025_CA_1,11124,2.7910236318838066
CA_1,HOBBIES_1_025_CA_1,11125,4.5122054635908375
CA_1,HOBBIES_1_025_CA_1,11126,2.866958589722273
CA_1,HOBBIES_1_025_CA_1,11127,14.536242308214824
CA_1,HOBBIES_1_025_CA_1,11128,13.868574316913124
CA_1,HOBBIES_1_025_CA_1,11129,5.852876024083107
CA_1,HOBBIES_1_025_CA_1,11130,11.090873764843495
CA_1,HOBBIES_1_026_CA_1,11101,12.900071308820271
CA_1,HOBBIES_1_026_CA_1,11102,6.396274008282131
CA_1,HOBBIES_1_026_CA_1,11103,13.020290184403102
CA_1,HOBBIES_1_026_CA_1,11104,10.182108992896787
CA_1,HOBBIES_1_026_CA_1,11105,3.43195578591552
CA_1,HOBBIES_1_026_CA_1,11106,7.78438902586675
CA_1,HOBBIES_1_026_CA_1,11107,9.48884155394378
CA_1,HOBBIES_1_026_CA_1,11108,15.830320791235977
CA_1,HOBBIES_1_026_CA_1,11109,4.693414234315499
CA_1,HOBBIES_1_026_CA_1,11110,11.517283794519281
CA_1,HOBBIES_1_026_CA_1,11111,7.403002696543959
CA_1,HOBBIES_1_026_CA_1,11112,12.282197180192961
CA_1,HOBBIES_1_026_CA_1,11113,12.258965205973341
CA_1,HOBBIES_1_026_CA_1,11114,5.521038361934715
CA_1,HOBBIES_1_026_CA_1,11115,9.23833155564341
CA_1,HOBBIES_1_026_CA_1,11116,15.556324579065189
CA_1,HOBBIES_1_026_CA_1,11117,15.625658814910137
CA_1,HOBBIES_1_026_CA_1,11118,2.711602797566904
CA_1,HOBBIES_1_026_CA_1,11119,4.77395435623203
CA_1,HOBBIES_1_026_CA_1,11120,9.418669370956367
CA_1,HOBBIES_1_026_CA_1,11121,13.423037312265546
CA_1,HOBBIES_1_026_CA_1,11122,13.144468568358409
CA_1,HOBBIES_1_026_CA_1,11123,7.267022792589252
CA_1,HOBBIES_1_026_CA_1,11124,3.671711660282443
CA_1,HOBBIES_1_026_CA_1,11125,5.072768658072024
CA_1,HOBBIES_1_026_CA_1,11126,15.291536027087608
CA_1,HOBBIES_1_026_CA_1,11127,10.679349434582294
CA_1,HOBBIES_1_026_CA_1,11128,11.640971587492361
CA_1,HOBBIES_1_026_CA_1,11129,13.75503640327552
CA_1,HOBBIES_1_026_CA_1,11130,9.829936931706282
CA_1,HOBBIES_1_027_CA_1,11101,6.558728405062194
CA_1,HOBBIES_1_027_CA_1,11102,8.469065366233018
CA_1,HOBBIES_1_027_CA_1,11103,13.60313401599235
CA_1,HOBBIES_1_027_CA_1,11104,15.223786546342762
CA_1,HOBBIES_1_027_CA_1,11105,15.31742848635144
CA_1,HOBBIES_1_027_CA_1,11106,3.281540899806961
CA_1,HOBBIES_1_027_CA_1,11107,14.61828130022362
CA_1,HOBBIES_1_027_CA_1,11108,13.112070598725008
CA_1,HOBBIES_1_027_CA_1,11109,15.71923958444817
CA_1,HOBBIES_1_027_CA_1,11110,3.161941971718317
CA_1,HOBBIES_1_027_CA_1,11111,15.42098351109126
CA_1,HOBBIES_1_027_CA_1,11112,14.017025152248804
CA_1,HOBBIES_1_027_CA_1,11113,11.114016478737863
CA_1,HOBBIES_1_027_CA_1,11114,8.442135221683168
CA_1,HOBBIES_1_027_CA_1,11115,5.9334069011766974
CA_1,HOBBIES_1_027_CA_1,11116,6.986847017001933
CA_1,HOBBIES_1_027_CA_1,11117,15.271203587139697
CA_1,HOBBIES_1_027_CA_1,11118,9.209167781461854
CA_1,HOBBIES_1_027_CA_1,11119,2.918404966318941
CA_1,HOBBIES_1_027_CA_1,11120,8.188013916817956
CA_1,HOBBIES_1_027_CA_1,11121,3.567046683251306
CA_1,HOBBIES_1_027_CA_1,11122,7.791167270811549
CA_1,HOBBIES_1_027_CA_1,11123,12.96662708461324
CA_1,HOBBIES_1_027_CA_1,11124,15.984373166125001
CA_1,HOBBIES_1_027_CA_1,11125,15.534273013257954
CA_1,HOBBIES_1_027_CA_1,11126,8.803277865038813
CA_1,HOBBIES_1_027_CA_1,11127,15.095427636883937
CA_1,HOBBIES_1_027_CA_1,11128,5.06398872403706
CA_1,HOBBIES_1_027_CA_1,11129,8.293713985610935
CA_1,HOBBIES_1_027_CA_1,11130,15.733093470504743
CA_1,HOBBIES_1_028_CA_1,11101,10.129983157742494
CA_1,HOBBIES_1_028_CA_1,11102,15.430637713457443
CA_1,HOBBIES_1_028_CA_1,11103,12.98393713875805
CA_1,HOBBIES_1_028_CA_1,11104,2.7763893977888405
CA_1,HOBBIES_1_028_CA_1,11105,4.312184378205016
CA_1,HOBBIES_1_028_CA_1,11106,7.370091271533315
CA_1,HOBBIES_1_028_CA_1,11107,8.617334160849511
CA_1,HOBBIES_1_028_CA_1,11108,15.840154844802877
CA_1,HOBBIES_1_028_CA_1,11109,8.536359791425065
CA_1,HOBBIES_1_028_CA_1,11110,14.439748784430877
CA_1,HOBBIES_1_028_CA_1,11111,9.787878433595704
CA_1,HOBBIES_1_028_CA_1,11112,14.25885980708948
CA_1,HOBBIES_1_028_CA_1,11113,6.925317211206028
CA_1,HOBBIES_1_028_CA_1,11114,10.786768970732746
CA_1,HOBBIES_1_028_CA_1,11115,13.789190666506286
CA_1,HOBBIES_1_028_CA_1,11116,13.891375503085472
CA_1,HOBBIES_1_028_CA_1,11117,6.9770406457932435
CA_1,HOBBIES_1_028_CA_1,11118,13.406607207492767
CA_1,HOBBIES_1_028_CA_1,11119,7.313128803357486
CA_1,HOBBIES_1_028_CA_1,11120,14.858948458958658
CA_1,HOBBIES_1_028_CA_1,11121,3.383970232840508
CA_1,HOBBIES_1_028_CA_1,11122,2.3106683657872393
CA_1,HOBBIES_1_028_CA_1,11123,4.414112569471607
CA_1,HOBBIES_1_028_CA_1,11124,13.84977399385284
CA_1,HOBBIES_1_028_CA_1,11125,15.675225078789229
CA_1,HOBBIES_1_028_CA_1,11126,2.8261359922353897
CA_1,HOBBIES_1_028_CA_1,11127,2.226309561915916
CA_1,HOBBIES_1_028_CA_1,11128,12.821384138640116
CA_1,HOBBIES_1_028_CA_1,11129,2.745002221041838
CA_1,HOBBIES_1_028_CA_1,11130,7.234182085368612
CA_1,HOBBIES_1_029_CA_1,11101,15.671064662703415
CA_1,HOBBIES_1_029_CA_1,11102,7.336141975434121
CA_1,HOBBIES_1_029_CA_1,11103,4.515800297717315
CA_1,HOBBIES_1_029_CA_1,11104,11.708470447910207
CA_1,HOBBIES_1_029_CA_1,11105,13.25926485899801
CA_1,HOBBIES_1_029_CA_1,11106,7.120341040161897
CA_1,HOBBIES_1_029_CA_1,11107,13.706813987429804
CA_1,HOBBIES_1_029_CA_1,11108,6.491328589420394
CA_1,HOBBIES_1_029_CA_1,11109,3.981425430706982
CA_1,HOBBIES_1_029_CA_1,11110,9.92804335817118
CA_1,HOBBIES_1_029_CA_1,11111,15.132212992161318
CA_1,HOBBIES_1_029_CA_1,11112,6.749323064610431
CA_1,HOBBIES_1_029_CA_1,11113,8.850214872693062
CA_1,HOBBIES_1_029_CA_1,11114,15.264316999360853
CA_1,HOBBIES_1_029_CA_1,11115,2.140742124987857
CA_1,HOBBIES_1_029_CA_1,11116,13.841013517821043
CA_1,HOBBIES_1_029_CA_1,11117,14.736780888347836
CA_1,HOBBIES_1_029_CA_1,11118,7.025792081941428
CA_1,HOBBIES_1_029_CA_1,11119,6.847729380450281
CA_1,HOBBIES_1_029_CA_1,11120,8.177795002100527
CA_1,HOBBIES_1_029_CA_1,11121,3.815283884118212
CA_1,HOBBIES_1_029_CA_1,11122,12.866541182931144
CA_1,HOBBIES_1_029_CA_1,11123,6.770244553431786
CA_1,HOBBIES_1_029_CA_1,11124,6.2628274180936945
CA_1,HOBBIES_1_029_CA_1,11125,13.604479724848472
CA_1,HOBBIES_1_029_CA_1,11126,4.855378982601529
CA_1,HOBBIES_1_029_CA_1,11127,3.2402122984774357
CA_1,HOBBIES_1_029_CA_1,11128,10.810040772448778
CA_1,HOBBIES_1_029_CA_1,11129,14.340614584019823
CA_1,HOBBIES_1_029_CA_1,11130,4.876747911787277
CA_1,HOBBIES_1_030_CA_1,11101,13.933773208216449
CA_1,HOBBIES_1_030_CA_1,11102,11.942972842161664
CA_1,HOBBIES_1_030_CA_1,11103,13.305221307314719
CA_1,HOBBIES_1_030_CA_1,11104,3.267802145868372
CA_1,HOBBIES_1_030_CA_1,11105,10.78215548863414
CA_1,HOBBIES_1_030_CA_1,11106,13.569453777891612
CA_1,HOBBIES_1_030_CA_1,11107,9.362089351129576
CA_1,HOBBIES_1_030_CA_1,11108,8.837254387599158
CA_1,HOBBIES_1_030_CA_1,11109,10.729919348951007
CA_1,HOBBIES_1_030_CA_1,11110,6.788053563401879
CA_1,HOBBIES_1_030_CA_1,11111,5.727611958603072
CA_1,HOBBIES_1_030_CA_1,11112,2.743966313173873
CA_1,HOBBIES_1_030_CA_1,11113,6.741241452225708
CA_1,HOBBIES_1_030_CA_1,11114,13.011603107807536
CA_1,HOBBIES_1_030_CA_1,11115,10.048419412815504
CA_1,HOBBIES_1_030_CA_1,11116,13.169449819504994
CA_1,HOBBIES_1_030_CA_1,11117,4.718930215903793
CA_1,HOBBIES_1_030_CA_1,11118,4.4384290542788
CA_1,HOBBIES_1_030_CA_1,11119,14.600025881345301
CA_1,HOBBIES_1_030_CA_1,11120,5.42553168213922
CA_1,HOBBIES_1_030_CA_1,11121,13.613276992836122
CA_1,HOBBIES_1_030_CA_1,11122,3.2477554580385997
CA_1,HOBBIES_1_030_CA_1,11123,12.929992973249194
CA_1,HOBBIES_1_030_CA_1,11124,5.67345042162457
CA_1,HOBBIES_1_030_CA_1,11125,10.95814193855855
CA_1,HOBBIES_1_030_CA_1,11126,7.345978600240801
CA_1,HOBBIES_1_030_CA_1,11127,9.921852487539127
CA_1,HOBBIES_1_030_CA_1,11128,4.529678123891111
CA_1,HOBBIES_1_030_CA_1,11129,5.566412312910901
CA_1,HOBBIES_1_030_CA_1,11130,6.110958203690431
CA_1,HOBBIES_1_031_CA_1,11101,2.151274605550565
CA_1,HOBBIES_1_031_CA_1,11102,10.320223053275628
CA_1,HOBBIES_1_031_CA_1,11103,4.018231042798553
CA_1,HOBBIES_1_031_CA_1,11104,8.636218505713636
CA_1,HOBBIES_1_031_CA_1,11105,10.116604771326209
CA_1,HOBBIES_1_031_CA_1,11106,12.072429910849403
CA_1,HOBBIES_1_031_CA_1,11107,9.374462749843207
CA_1,HOBBIES_1_031_CA_1,11108,5.212044435403656
CA_1,HOBBIES_1_031_CA_1,11109,15.01002486855388
CA_1,HOBBIES_1_031_CA_1,11110,14.67209187782182
CA_1,HOBBIES_1_031_CA_1,11111,2.4540686258607582
CA_1,HOBBIES_1_031_CA_1,11112,2.1257389748574003
CA_1,HOBBIES_1_031_CA_1,11113,2.226722678390534
CA_1,HOBBIES_1_031_CA_1,11114,13.254538598381064
CA_1,HOBBIES_1_031_CA_1,11115,4.113422140242062
CA_1,HOBBIES_1_031_CA_1,11116,12.409696520725934
CA_1,HOBBIES_1_031_CA_1,11117,8.035308178754832
CA_1,HOBBIES_1_031_CA_1,11118,15.031335091698319
CA_1,HOBBIES_1_031_CA_1,11119,3.131439633210323
CA_1,HOBBIES_1_031_CA_1,11120,15.525174580902183
CA_1,HOBBIES_1_031_CA_1,11121,14.006193965362023
CA_1,HOBBIES_1_031_CA_1,11122,6.7026195661859775
CA_1,HOBBIES_1_031_CA_1,11123,8.571393791912632
CA_1,HOBBIES_1_031_CA_1,11124,4.873331048243984
CA_1,HOBBIES_1_031_CA_1,11125,12.329558005101076
CA_1,HOBBIES_1_031_CA_1,11126,15.827388455910784
CA_1,HOBBIES_1_031_CA_1,11127,12.027100949986943
CA_1,HOBBIES_1_031_CA_1,11128,4.174518755592346
CA_1,HOBBIES_1_031_CA_1,11129,2.340809660486146
CA_1,HOBBIES_1_031_CA_1,11130,3.5365866798266574
CA_1,HOBBIES_1_032_CA_1,11101,3.3300007138018586
CA_1,HOBBIES_1_032_CA_1,11102,6.220316383814934
CA_1,HOBBIES_1_032_CA_1,11103,7.572862119030891
CA_1,HOBBIES_1_032_CA_1,11104,3.648945321619677
CA_1,HOBBIES_1_032_CA_1,11105,6.638830504942845
CA_1,HOBBIES_1_032_CA_1,11106,10.623891816012463
CA_1,HOBBIES_1_032_CA_1,11107,3.8756036030964216
CA_1,HOBBIES_1_032_CA_1,11108,15.091594382094401
CA_1,HOBBIES_1_032_CA_1,11109,7.341175956609557
CA_1,HOBBIES_1_032_CA_1,11110,8.752669400028719
CA_1,HOBBIES_1_032_CA_1,11111,15.780546573739715
CA_1,HOBBIES_1_032_CA_1,11112,12.542703973609958
CA_1,HOBBIES_1_032_CA_1,11113,6.02023481358915
CA_1,HOBBIES_1_032_CA_1,11114,5.281366065365938
CA_1,HOBBIES_1_032_CA_1,11115,13.823333467802726
CA_1,HOBBIES_1_032_CA_1,11116,4.540844254839361
CA_1,HOBBIES_1_032_CA_1,11117,7.564261945369583
CA_1,HOBBIES_1_032_CA_1,11118,8.633596995906048
CA_1,HOBBIES_1_032_CA_1,11119,6.6873124962617565
CA_1,HOBBIES_1_032_CA_1,11120,4.844831247387392
CA_1,HOBBIES_1_032_CA_1,11121,5.869286244881067
CA_1,HOBBIES_1_032_CA_1,11122,9.754043893627362
CA_1,HOBBIES_1_032_CA_1,11123,6.122526941411168
CA_1,HOBBIES_1_032_CA_1,11124,3.4461486417068627
CA_1,HOBBIES_1_032_CA_1,11125,15.541095144784968
CA_1,HOBBIES_1_032_CA_1,11126,12.21087586152986
CA_1,HOBBIES_1_032_CA_1,11127,2.414558698739958
CA_1,HOBBIES_1_032_CA_1,11128,10.01992395023066
CA_1,HOBBIES_1_032_CA_1,11129,8.32523130881798
CA_1,HOBBIES_1_032_CA_1,11130,12.830589538579014
CA_1,HOBBIES_1_033_CA_1,11101,6.800955777702223
CA_1,HOBBIES_1_033_CA_1,11102,10.222718521614203
CA_1,HOBBIES_1_033_CA_1,11103,9.554307241387955
CA_1,HOBBIES_1_033_CA_1,11104,11.976731569307901
CA_1,HOBBIES_1_033_CA_1,11105,9.02456057340887
CA_1,HOBBIES_1_033_CA_1,11106,13.762050090789966
CA_1,HOBBIES_1_033_CA_1,11107,15.553617453229085
CA_1,HOBBIES_1_033_CA_1,11108,3.0069491571447005
CA_1,HOBBIES_1_033_CA_1,11109,5.530104737940298
CA_1,HOBBIES_1_033_CA_1,11110,2.975314016000751
CA_1,HOBBIES_1_033_CA_1,11111,15.923868378223585
CA_1,HOBBIES_1_033_CA_1,11112,7.5181640932339615
CA_1,HOBBIES_1_033_CA_1,11113,6.651961741630751
CA_1,HOBBIES_1_033_CA_1,11114,11.678844320057364
CA_1,HOBBIES_1_033_CA_1,11115,15.60898961833502
CA_1,HOBBIES_1_033_CA_1,11116,10.555913816757093
CA_1,HOBBIES_1_033_CA_1,11117,7.1232496437198325
CA_1,HOBBIES_1_033_CA_1,11118,15.919962985824517
CA_1,HOBBIES_1_033_CA_1,11119,3.52176197988518
CA_1,HOBBIES_1_033_CA_1,11120,4.549298121495451
CA_1,HOBBIES_1_033_CA_1,11121,10.986336710140938
CA_1,HOBBIES_1_033_CA_1,11122,12.088815767731544
CA_1,HOBBIES_1_033_CA_1,11123,9.117289367513388
CA_1,HOBBIES_1_033_CA_1,11124,13.6911580455157
CA_1,HOBBIES_1_033_CA_1,11125,11.886995050668391
CA_1,HOBBIES_1_033_CA_1,11126,10.022240493078726
CA_1,HOBBIES_1_033_CA_1,11127,5.980626657337419
CA_1,HOBBIES_1_033_CA_1,11128,2.8917256623865732
CA_1,HOBBIES_1_033_CA_1,11129,3.325696082378915
CA_1,HOBBIES_1_033_CA_1,11130,8.998325275426406
CA_1,HOBBIES_1_034_CA_1,11101,10.906719039981702
CA_1,HOBBIES_1_034_CA_1,11102,2.3031566817878524
CA_1,HOBBIES_1_034_CA_1,11103,13.67119409137147
CA_1,HOBBIES_1_034_CA_1,11104,6.737609211125176
CA_1,HOBBIES_1_034_CA_1,11105,14.785647030134378
CA_1,HOBBIES_1_034_CA_1,11106,14.838566043114273
CA_1,HOBBIES_1_034_CA_1,11107,3.9063404057258952
CA_1,HOBBIES_1_034_CA_1,11108,12.612539532177552
CA_1,HOBBIES_1_034_CA_1,11109,2.128495679903105
CA_1,HOBBIES_1_034_CA_1,11110,11.346935043491529
CA_1,HOBBIES_1_034_CA_1,11111,12.888323195838456
CA_1,HOBBIES_1_034_CA_1,11112,15.419416904355531
CA_1,HOBBIES_1_034_CA_1,11113,8.103347898903253
CA_1,HOBBIES_1_034_CA_1,11114,13.734960523001828
CA_1,HOBBIES_1_034_CA_1,11115,2.1053982649306744
CA_1,HOBBIES_1_034_CA_1,11116,7.705596213553399
CA_1,HOBBIES_1_034_CA_1,11117,13.66782547891338
CA_1,HOBBIES_1_034_CA_1,11118,2.0081961718329993
CA_1,HOBBIES_1_034_CA_1,11119,12.71045702510098
CA_1,HOBBIES_1_034_CA_1,11120,11.312758858670518
CA_1,HOBBIES_1_034_CA_1,11121,2.5366761590840365
CA_1,HOBBIES_1_034_CA_1,11122,11.554952239703985
CA_1,HOBBIES_1_034_CA_1,11123,6.381702303031743
CA_1,HOBBIES_1_034_CA_1,11124,7.298271975443365
CA_1,HOBBIES_1_034_CA_1,11125,4.449842656397684
CA_1,HOBBIES_1_034_CA_1,11126,11.49847361064132
CA_1,HOBBIES_1_034_CA_1,11127,4.041937789619108
CA_1,HOBBIES_1_034_CA_1,11128,7.049683372194974
CA_1,HOBBIES_1_034_CA_1,11129,14.855119208502535
CA_1,HOBBIES_1_034_CA_1,11130,11.737072000194393
CA_1,HOBBIES_1_035_CA_1,11101,8.477434037401071
CA_1,HOBBIES_1_035_CA_1,11102,14.184613851586278
CA_1,HOBBIES_1_035_CA_1,11103,9.267225391212872
CA_1,HOBBIES_1_035_CA_1,11104,8.312977666788484
CA_1,HOBBIES_1_035_CA_1,11105,8.33324719948599
CA_1,HOBBIES_1_035_CA_1,11106,11.027630402327118
CA_1,HOBBIES_1_035_CA_1,11107,6.212769089368574
CA_1,HOBBIES_1_035_CA_1,11108,7.783134390299641
CA_1,HOBBIES_1_035_CA_1,11109,13.595549621961132
CA_1,HOBBIES_1_035_CA_1,11110,7.5336021412227865
CA_1,HOBBIES_1_035_CA_1,11111,15.247791480857401
CA_1,HOBBIES_1_035_CA_1,11112,6.0053697901119865
CA_1,HOBBIES_1_035_CA_1,11113,4.073637810013447
CA_1,HOBBIES_1_035_CA_1,11114,12.790980992859401
CA_1,HOBBIES_1_035_CA_1,11115,4.16560750763707
CA_1,HOBBIES_1_035_CA_1,11116,3.6066984546659535
CA_1,HOBBIES_1_035_CA_1,11117,7.365178563258192
CA_1,HOBBIES_1_035_CA_1,11118,9.924041098454289
CA_1,HOBBIES_1_035_CA_1,11119,5.205949673387625
CA_1,HOBBIES_1_035_CA_1,11120,5.795840142341166
CA_1,HOBBIES_1_035_CA_1,11121,4.134620138844183
CA_1,HOBBIES_1_035_CA_1,11122,12.355300230637065
CA_1,HOBBIES_1_035_CA_1,11123,2.0398663544824096
CA_1,HOBBIES_1_035_CA_1,11124,6.359794807044911
CA_1,HOBBIES_1_035_CA_1,11125,11.02004291584396
CA_1,HOBBIES_1_035_CA_1,11126,12.163962414145159
CA_1,HOBBIES_1_035_CA_1,11127,2.564662865564959
CA_1,HOBBIES_1_035_CA_1,11128,13.548691589211439
CA_1,HOBBIES_1_035_CA_1,11129,6.477013498539649
CA_1,HOBBIES_1_035_CA_1,11130,2.9559566952415333
CA_1,HOBBIES_1_036_CA_1,11101,5.037881786056446
CA_1,HOBBIES_1_036_CA_1,11102,11.387182826786736
CA_1,HOBBIES_1_036_CA_1,11103,4.3952656743340635
CA_1,HOBBIES_1_036_CA_1,11104,9.060172350208239
CA_1,HOBBIES_1_036_CA_1,11105,12.329465635152832
CA_1,HOBBIES_1_036_CA_1,11106,8.518119099999879
CA_1,HOBBIES_1_036_CA_1,11107,4.689150888641409
CA_1,HOBBIES_1_036_CA_1,11108,10.84890455579953
CA_1,HOBBIES_1_036_CA_1,11109,8.654742342785916
CA_1,HOBBIES_1_036_CA_1,11110,4.568135208717507
CA_1,HOBBIES_1_036_CA_1,11111,8.16117888190148
CA_1,HOBBIES_1_036_CA_1,11112,12.333701788649304
CA_1,HOBBIES_1_036_CA_1,11113,15.485071734475214
CA_1,HOBBIES_1_036_CA_1,11114,12.334237342279357
CA_1,HOBBIES_1_036_CA_1,11115,14.552845866079506
CA_1,HOBBIES_1_036_CA_1,11116,8.417272286723497
CA_1,HOBBIES_1_036_CA_1,11117,2.938786133807593
CA_1,HOBBIES_1_036_CA_1,11118,15.177855084680724
CA_1,HOBBIES_1_036_CA_1,11119,12.962763737315717
CA_1,HOBBIES_1_036_CA_1,11120,13.181088453419624
CA_1,HOBBIES_1_036_CA_1,11121,9.566389084736235
CA_1,HOBBIES_1_036_CA_1,11122,2.079581617277327
CA_1,HOBBIES_1_036_CA_1,11123,11.91814876949098
CA_1,HOBBIES_1_036_CA_1,11124,11.956702144061156
CA_1,HOBBIES_1_036_CA_1,11125,15.776514258442004
CA_1,HOBBIES_1_036_CA_1,11126,9.896951384325694
CA_1,HOBBIES_1_036_CA_1,11127,11.379927572215216
CA_1,HOBBIES_1_036_CA_1,11128,10.508211012732819
CA_1,HOBBIES_1_036_CA_1,11129,5.939659612692168
CA_1,HOBBIES_1_036_CA_1,11130,14.83046409352353
CA_1,HOBBIES_1_037_CA_1,11101,14.802696062232837
CA_1,HOBBIES_1_037_CA_1,11102,5.65865131804056
CA_1,HOBBIES_1_037_CA_1,11103,2.345649504466633
CA_1,HOBBIES_1_037_CA_1,11104,13.868183982740725
CA_1,HOBBIES_1_037_CA_1,11105,8.33522729070399
CA_1,HOBBIES_1_037_CA_1,11106,15.55013701237032
CA_1,HOBBIES_1_037_CA_1,11107,9.92202394726261
CA_1,HOBBIES_1_037_CA_1,11108,5.337167402336165
CA_1,HOBBIES_1_037_CA_1,11109,6.037401383987232
CA_1,HOBBIES_1_037_CA_1,11110,6.87411501921162
CA_1,HOBBIES_1_037_CA_1,11111,3.6167521359777033
CA_1,HOBBIES_1_037_CA_1,11112,8.42657376446849
CA_1,HOBBIES_1_037_CA_1,11113,14.762635947450827
CA_1,HOBBIES_1_037_CA_1,11114,6.385171400882623
CA_1,HOBBIES_1_037_CA_1,11115,3.3621282893686484
CA_1,HOBBIES_1_037_CA_1,11116,10.483191899612946
CA_1,HOBBIES_1_037_CA_1,11117,2.3931042283057944
CA_1,HOBBIES_1_037_CA_1,11118,9.006403629154647
CA_1,HOBBIES_1_037_CA_1,11119,4.485598154270942
CA_1,HOBBIES_1_037_CA_1,11120,4.293732750409072
CA_1,HOBBIES_1_037_CA_1,11121,3.169353490922564
CA_1,HOBBIES_1_037_CA_1,11122,15.443407431558676
CA_1,HOBBIES_1_037_CA_1,11123,8.548654993040838
CA_1,HOBBIES_1_037_CA_1,11124,5.910150957272074
CA_1,HOBBIES_1_037_CA_1,11125,6.3154645466193395
CA_1,HOBBIES_1_037_CA_1,11126,4.749002194481511
CA_1,HOBBIES_1_037_CA_1,11127,2.0950587676334163
CA_1,HOBBIES_1_037_CA_1,11128,3.2778492591163304
CA_1,HOBBIES_1_037_CA_1,11129,10.166268234160304
CA_1,HOBBIES_1_037_CA_1,11130,6.415544301902945
CA_1,HOBBIES_1_038_CA_1,11101,2.1446235223317
CA_1,HOBBIES_1_038_CA_1,11102,3.1865540349462473
CA_1,HOBBIES_1_038_CA_1,11103,14.130717179050873
CA_1,HOBBIES_1_038_CA_1,11104,5.038059762773265
CA_1,HOBBIES_1_038_CA_1,11105,5.674096073185573
CA_1,HOBBIES_1_038_CA_1,11106,10.047369514223698
CA_1,HOBBIES_1_038_CA_1,11107,3.4867211692497446
CA_1,HOBBIES_1_038_CA_1,11108,14.528527023786785
CA_1,HOBBIES_1_038_CA_1,11109,11.760035615739689
CA_1,HOBBIES_1_038_CA_1,11110,7.004445920191014
CA_1,HOBBIES_1_038_CA_1,11111,8.498235450415653
CA_1,HOBBIES_1_038_CA_1,11112,8.941799472353113
CA_1,HOBBIES_1_038_CA_1,11113,9.1520313928897
CA_1,HOBBIES_1_038_CA_1,11114,13.848435572677449
CA_1,HOBBIES_1_038_CA_1,11115,11.575952087083893
CA_1,HOBBIES_1_038_CA_1,11116,7.629356410827611
CA_1,HOBBIES_1_038_CA_1,11117,15.55271388820693
CA_1,HOBBIES_1_038_CA_1,11118,9.391828619871815
CA_1,HOBBIES_1_038_CA_1,11119,10.619808759003941
CA_1,HOBBIES_1_038_CA_1,11120,6.930002524422176
CA_1,HOBBIES_1_038_CA_1,11121,9.49756904664572
CA_1,HOBBIES_1_038_CA_1,11122,4.673319641594907
CA_1,HOBBIES_1_038_CA_1,11123,7.094459319486288
CA_1,HOBBIES_1_038_CA_1,11124,12.685513987356872
CA_1,HOBBIES_1_038_CA_1,11125,15.943252915554316
CA_1,HOBBIES_1_038_CA_1,11126,10.82030098031113
CA_1,HOBBIES_1_038_CA_1,11127,13.767132333669375
CA_1,HOBBIES_1_038_CA_1,11128,5.069169204208182
CA_1,HOBBIES_1_038_CA_1,11129,4.7741854556698025
CA_1,HOBBIES_1_038_CA_1,11130,6.125592739573884
CA_1,HOBBIES_1_039_CA_1,11101,2.054519154547773
CA_1,HOBBIES_1_039_CA_1,11102,4.462806423648918
CA_1,HOBBIES_1_039_CA_1,11103,9.487653595818296
CA_1,HOBBIES_1_039_CA_1,11104,14.635088113716904
CA_1,HOBBIES_1_039_CA_1,11105,5.421274860805696
CA_1,HOBBIES_1_039_CA_1,11106,9.496105811916943
CA_1,HOBBIES_1_039_CA_1,11107,14.764374813653793
CA_1,HOBBIES_1_039_CA_1,11108,14.045369220111938
CA_1,HOBBIES_1_039_CA_1,11109,5.379048445329845
CA_1,HOBBIES_1_039_CA_1,11110,9.225420571942298
CA_1,HOBBIES_1_039_CA_1,11111,10.118294111091897
CA_1,HOBBIES_1_039_CA_1,11112,7.330648374107673
CA_1,HOBBIES_1_039_CA_1,11113,4.746248094278787
CA_1,HOBBIES_1_039_CA_1,11114,5.758395840707976
CA_1,HOBBIES_1_039_CA_1,11115,13.298316943386899
CA_1,HOBBIES_1_039_CA_1,11116,13.175075357716286
CA_1,HOBBIES_1_039_CA_1,11117,8.193363417268209
CA_1,HOBBIES_1_039_CA_1,11118,8.292392550915286
CA_1,HOBBIES_1_039_CA_1,11119,6.534354851772861
CA_1,HOBBIES_1_039_CA_1,11120,6.914936279611656
CA_1,HOBBIES_1_039_CA_1,11121,2.4257660642120147
CA_1,HOBBIES_1_039_CA_1,11122,14.691359162750434
CA_1,HOBBIES_1_039_CA_1,11123,11.228674141068696
CA_1,HOBBIES_1_039_CA_1,11124,14.945384613750258
CA_1,HOBBIES_1_039_CA_1,11125,4.17887486174921
CA_1,HOBBIES_1_039_CA_1,11126,14.462617799920226
CA_1,HOBBIES_1_039_CA_1,11127,7.888245001844018
CA_1,HOBBIES_1_039_CA_1,11128,6.276170166016927
CA_1,HOBBIES_1_039_CA_1,11129,7.8076961077913865
CA_1,HOBBIES_1_039_CA_1,11130,4.178085632977244
CA_1,HOBBIES_1_040_CA_1,11101,4.852687691859939
CA_1,HOBBIES_1_040_CA_1,11102,4.067081302106184
CA_1,HOBBIES_1_040_CA_1,11103,10.489960639867835
CA_1,HOBBIES_1_040_CA_1,11104,7.251089384899405
CA_1,HOBBIES_1_040_CA_1,11105,8.6597150423742
CA_1,HOBBIES_1_040_CA_1,11106,2.9726148407992925
CA_1,HOBBIES_1_040_CA_1,11107,3.558593388334585
CA_1,HOBBIES_1_040_CA_1,11108,6.097952852381359
CA_1,HOBBIES_1_040_CA_1,11109,4.302072513977643
CA_1,HOBBIES_1_040_CA_1,11110,7.208439717765252
CA_1,HOBBIES_1_040_CA_1,11111,5.837296365704403
CA_1,HOBBIES_1_040_CA_1,11112,14.577436030156914
CA_1,HOBBIES_1_040_CA_1,11113,11.540612165628042
CA_1,HOBBIES_1_040_CA_1,11114,13.261489587306093
CA_1,HOBBIES_1_040_CA_1,11115,11.404970497658812
CA_1,HOBBIES_1_040_CA_1,11116,14.670756681331506
CA_1,HOBBIES_1_040_CA_1,11117,15.690798814593757
CA_1,HOBBIES_1_040_CA_1,11118,15.919623066323476
CA_1,HOBBIES_1_040_CA_1,11119,6.4818763350812425
CA_1,HOBBIES_1_040_CA_1,11120,10.048347312687614
CA_1,HOBBIES_1_040_CA_1,11121,5.789846946046212
CA_1,HOBBIES_1_040_CA_1,11122,10.4474521319859
CA_1,HOBBIES_1_040_CA_1,11123,14.049804079518792
CA_1,HOBBIES_1_040_CA_1,11124,6.735545160153691
CA_1,HOBBIES_1_040_CA_1,11125,4.788736787419252
CA_1,HOBBIES_1_040_CA_1,11126,2.4741137997824283
CA_1,HOBBIES_1_040_CA_1,11127,8.507677803434921
CA_1,HOBBIES_1_040_CA_1,11128,4.2239101102770755
CA_1,HOBBIES_1_040_CA_1,11129,7.617242268603386
CA_1,HOBBIES_1_040_CA_1,11130,12.833550120199332
CA_1,HOBBIES_1_041_CA_1,11101,6.057307562262762
CA_1,HOBBIES_1_041_CA_1,11102,12.33892976132361
CA_1,HOBBIES_1_041_CA_1,11103,2.5686372383830802
CA_1,HOBBIES_1_041_CA_1,11104,9.219466507767248
CA_1,HOBBIES_1_041_CA_1,11105,5.874715231731345
CA_1,HOBBIES_1_041_CA_1,11106,14.773772110914509
CA_1,HOBBIES_1_041_CA_1,11107,13.674976193693878
CA_1,HOBBIES_1_041_CA_1,11108,14.394642858440433
CA_1,HOBBIES_1_041_CA_1,11109,10.970477911105121
CA_1,HOBBIES_1_041_CA_1,11110,15.716313961174164
CA_1,HOBBIES_1_041_CA_1,11111,7.613601397237468
CA_1,HOBBIES_1_041_CA_1,11112,2.051346001964
CA_1,HOBBIES_1_041_CA_1,11113,2.1275612993327124
CA_1,HOBBIES_1_041_CA_1,11114,9.115123574077922
CA_1,HOBBIES_1_041_CA_1,11115,5.924487463726855
CA_1,HOBBIES_1_041_CA_1,11116,8.474039429734372
CA_1,HOBBIES_1_041_CA_1,11117,10.857894444118445
CA_1,HOBBIES_1_041_CA_1,11118,10.833547962050666
CA_1,HOBBIES_1_041_CA_1,11119,5.206129805614301
CA_1,HOBBIES_1_041_CA_1,11120,4.123595373366824
CA_1,HOBBIES_1_041_CA_1,11121,14.420297206316967
CA_1,HOBBIES_1_041_CA_1,11122,12.596007545779566
CA_1,HOBBIES_1_041_CA_1,11123,13.407406177049952
CA_1,HOBBIES_1_041_CA_1,11124,11.049109679964792
CA_1,HOBBIES_1_041_CA_1,11125,7.812855743935467
CA_1,HOBBIES_1_041_CA_1,11126,7.260730922078157
CA_1,HOBBIES_1_041_CA_1,11127,11.694488504029835
CA_1,HOBBIES_1_041_CA_1,11128,10.509934713102336
CA_1,HOBBIES_1_041_CA_1,11129,5.105396459363283
CA_1,HOBBIES_1_041_CA_1,11130,11.186868963262146
CA_1,HOBBIES_1_042_CA_1,11101,13.887099412717504
CA_1,HOBBIES_1_042_CA_1,11102,6.703207357247697
CA_1,HOBBIES_1_042_CA_1,11103,12.136346300197825
CA_1,HOBBIES_1_042_CA_1,11104,3.8529855974744853
CA_1,HOBBIES_1_042_CA_1,11105,11.608013967775875
CA_1,HOBBIES_1_042_CA_1,11106,14.300156161449896
CA_1,HOBBIES_1_042_CA_1,11107,11.696576462592086
CA_1,HOBBIES_1_042_CA_1,11108,12.802846681475383
CA_1,HOBBIES_1_042_CA_1,11109,13.917373728214054
CA_1,HOBBIES_1_042_CA_1,11110,13.915485834742443
CA_1,HOBBIES_1_042_CA_1,11111,10.173492015408412
CA_1,HOBBIES_1_042_CA_1,11112,6.258434080942433
CA_1,HOBBIES_1_042_CA_1,11113,9.93638708283704
CA_1,HOBBIES_1_042_CA_1,11114,14.449263525651375
CA_1,HOBBIES_1_042_CA_1,11115,11.638517685512783
CA_1,HOBBIES_1_042_CA_1,11116,2.775804746544865
CA_1,HOBBIES_1_042_CA_1,11117,6.465970317538458
CA_1,HOBBIES_1_042_CA_1,11118,10.677345425144773
CA_1,HOBBIES_1_042_CA_1,11119,6.603743644956343
CA_1,HOBBIES_1_042_CA_1,11120,15.812109401276489
CA_1,HOBBIES_1_042_CA_1,11121,10.365490078868495
CA_1,HOBBIES_1_042_CA_1,11122,12.942172999408989
CA_1,HOBBIES_1_042_CA_1,11123,11.048789076463528
CA_1,HOBBIES_1_042_CA_1,11124,11.751039387513748
CA_1,HOBBIES_1_042_CA_1,11125,6.404757239158897
CA_1,HOBBIES_1_042_CA_1,11126,11.819557465311563
CA_1,HOBBIES_1_042_CA_1,11127,13.555372130695565
CA_1,HOBBIES_1_042_CA_1,11128,9.298154948385324
CA_1,HOBBIES_1_042_CA_1,11129,12.642756378221618
CA_1,HOBBIES_1_042_CA_1,11130,11.405023944255396
CA_1,HOBBIES_1_043_CA_1,11101,12.251848700179128
CA_1,HOBBIES_1_043_CA_1,11102,12.015678047115676
CA_1,HOBBIES_1_043_CA_1,11103,7.691596035580429
CA_1,HOBBIES_1_043_CA_1,11104,13.563067244786872
CA_1,HOBBIES_1_043_CA_1,11105,10.41440197458513
CA_1,HOBBIES_1_043_CA_1,11106,15.25739822448054
CA_1,HOBBIES_1_043_CA_1,11107,9.332203114076165
CA_1,HOBBIES_1_043_CA_1,11108,6.8246426947553855
CA_1,HOBBIES_1_043_CA_1,11109,15.47911058335022
CA_1,HOBBIES_1_043_CA_1,11110,2.5327013359598185
CA_1,HOBBIES_1_043_CA_1,11111,6.357851830503952
CA_1,HOBBIES_1_043_CA_1,11112,7.593504125924486
CA_1,HOBBIES_1_043_CA_1,11113,10.831130692864486
CA_1,HOBBIES_1_043_CA_1,11114,6.306077510164115
CA_1,HOBBIES_1_043_CA_1,11115,3.6188904401412403
CA_1,HOBBIES_1_043_CA_1,11116,11.78442226635491
CA_1,HOBBIES_1_043_CA_1,11117,5.107030107989302
CA_1,HOBBIES_1_043_CA_1,11118,10.684745868216968
CA_1,HOBBIES_1_043_CA_1,11119,15.285733278235764
CA_1,HOBBIES_1_043_CA_1,11120,4.091932500405934
CA_1,HOBBIES_1_043_CA_1,11121,10.536533291574575
CA_1,HOBBIES_1_043_CA_1,11122,6.592608167544228
CA_1,HOBBIES_1_043_CA_1,11123,13.723820953221587
CA_1,HOBBIES_1_043_CA_1,11124,13.033331783685284
CA_1,HOBBIES_1_043_CA_1,11125,2.4823004138004965
CA_1,HOBBIES_1_043_CA_1,11126,2.197124568710927
CA_1,HOBBIES_1_043_CA_1,11127,7.680243597840622
CA_1,HOBBIES_1_043_CA_1,11128,10.527775383953166
CA_1,HOBBIES_1_043_CA_1,11129,14.798302183617912
CA_1,HOBBIES_1_043_CA_1,11130,2.2116268805520916
CA_1,HOBBIES_1_044_CA_1,11101,15.32776563962812
CA_1,HOBBIES_1_044_CA_1,11102,9.43290777734476
CA_1,HOBBIES_1_044_CA_1,11103,11.95279378089886
CA_1,HOBBIES_1_044_CA_1,11104,10.922756382402728
CA_1,HOBBIES_1_044_CA_1,11105,7.493084188235554
CA_1,HOBBIES_1_044_CA_1,11106,6.924955464424227
CA_1,HOBBIES_1_044_CA_1,11107,8.0367370744725
CA_1,HOBBIES_1_044_CA_1,11108,12.350958296593438
CA_1,HOBBIES_1_044_CA_1,11109,5.023151873804799
CA_1,HOBBIES_1_044_CA_1,11110,3.4920934357028823
CA_1,HOBBIES_1_044_CA_1,11111,3.768434365693873
CA_1,HOBBIES_1_044_CA_1,11112,6.247326561166547
CA_1,HOBBIES_1_044_CA_1,11113,12.925364804332641
CA_1,HOBBIES_1_044_CA_1,11114,12.496339607752954
CA_1,HOBBIES_1_044_CA_1,11115,2.992879111839568
CA_1,HOBBIES_1_044_CA_1,11116,10.689900482399507
CA_1,HOBBIES_1_044_CA_1,11117,15.7910580286177
CA_1,HOBBIES_1_044_CA_1,11118,11.410323519581453
CA_1,HOBBIES_1_044_CA_1,11119,8.177279853073445
CA_1,HOBBIES_1_044_CA_1,11120,10.674777808942979
CA_1,HOBBIES_1_044_CA_1,11121,4.64530183180901
CA_1,HOBBIES_1_044_CA_1,11122,10.050280736883353
CA_1,HOBBIES_1_044_CA_1,11123,12.991766483750505
CA_1,HOBBIES_1_044_CA_1,11124,9.047594930686213
CA_1,HOBBIES_1_044_CA_1,11125,4.290058508092426
CA_1,HOBBIES_1_044_CA_1,11126,5.028489242563972
CA_1,HOBBIES_1_044_CA_1,11127,5.746632810909417
CA_1,HOBBIES_1_044_CA_1,11128,10.080371042292674
CA_1,HOBBIES_1_044_CA_1,11129,10.411413884231662
CA_1,HOBBIES_1_044_CA_1,11130,7.273869002237994
CA_1,HOBBIES_1_045_CA_1,11101,11.450907861098608
CA_1,HOBBIES_1_045_CA_1,11102,9.733029153277425
CA_1,HOBBIES_1_045_CA_1,11103,10.663500461773644
CA_1,HOBBIES_1_045_CA_1,11104,11.50279578415323
CA_1,HOBBIES_1_045_CA_1,11105,13.34743663394193
CA_1,HOBBIES_1_045_CA_1,11106,13.066373655072217
CA_1,HOBBIES_1_045_CA_1,11107,13.37045511632949
CA_1,HOBBIES_1_045_CA_1,11108,6.361943577811189
CA_1,HOBBIES_1_045_CA_1,11109,5.046820292707221
CA_1,HOBBIES_1_045_CA_1,11110,11.520327114356332
CA_1,HOBBIES_1_045_CA_1,11111,13.519232445226256
CA_1,HOBBIES_1_045_CA_1,11112,13.850030937269361
CA_1,HOBBIES_1_045_CA_1,11113,9.237432914324899
CA_1,HOBBIES_1_045_CA_1,11114,12.757840914171544
CA_1,HOBBIES_1_045_CA_1,11115,9.697438604535868
CA_1,HOBBIES_1_045_CA_1,11116,6.0496474258912
CA_1,HOBBIES_1_045_CA_1,11117,7.0448944797981365
CA_1,HOBBIES_1_045_CA_1,11118,7.571161000879309
CA_1,HOBBIES_1_045_CA_1,11119,15.125481375416857
CA_1,HOBBIES_1_045_CA_1,11120,6.045462380674389
CA_1,HOBBIES_1_045_CA_1,11121,14.340050461892528
CA_1,HOBBIES_1_045_CA_1,11122,14.176488737744988
CA_1,HOBBIES_1_045_CA_1,11123,7.563929722972649
CA_1,HOBBIES_1_045_CA_1,11124,14.674429390708523
CA_1,HOBBIES_1_045_CA_1,11125,3.3696407810527105
CA_1,HOBBIES_1_045_CA_1,11126,4.549740724950294
CA_1,HOBBIES_1_045_CA_1,11127,10.907509363207497
CA_1,HOBBIES_1_045_CA_1,11128,4.649468717722896
CA_1,HOBBIES_1_045_CA_1,11129,11.474837602120118
CA_1,HOBBIES_1_045_CA_1,11130,14.77404439421985
CA_1,HOBBIES_1_046_CA_1,11101,14.707666332646932
CA_1,HOBBIES_1_046_CA_1,11102,7.744997856586446
CA_1,HOBBIES_1_046_CA_1,11103,4.102337196221827
CA_1,HOBBIES_1_046_CA_1,11104,6.076903703986348
CA_1,HOBBIES_1_046_CA_1,11105,11.200148861070312
CA_1,HOBBIES_1_046_CA_1,11106,14.47002198337368
CA_1,HOBBIES_1_046_CA_1,11107,12.416778287157603
CA_1,HOBBIES_1_046_CA_1,11108,4.697818969624611
CA_1,HOBBIES_1_046_CA_1,11109,14.341701636331578
CA_1,HOBBIES_1_046_CA_1,11110,6.617724513648486
CA_1,HOBBIES_1_046_CA_1,11111,14.72634679667671
CA_1,HOBBIES_1_046_CA_1,11112,8.555318827838363
CA_1,HOBBIES_1_046_CA_1,11113,7.327916618176556
CA_1,HOBBIES_1_046_CA_1,11114,15.866504268852687
CA_1,HOBBIES_1_046_CA_1,11115,12.32709912027145
CA_1,HOBBIES_1_046_CA_1,11116,15.346723104594512
CA_1,HOBBIES_1_046_CA_1,11117,5.323746092773764
CA_1,HOBBIES_1_046_CA_1,11118,12.36770125907517
CA_1,HOBBIES_1_046_CA_1,11119,5.86209209047077
CA_1,HOBBIES_1_046_CA_1,11120,13.058274571081537
CA_1,HOBBIES_1_046_CA_1,11121,15.102224989235031
CA_1,HOBBIES_1_046_CA_1,11122,5.771111563031849
CA_1,HOBBIES_1_046_CA_1,11123,12.812406003639863
CA_1,HOBBIES_1_046_CA_1,11124,12.547006298950624
CA_1,HOBBIES_1_046_CA_1,11125,5.6023705648150335
CA_1,HOBBIES_1_046_CA_1,11126,4.985375669474176
CA_1,HOBBIES_1_046_CA_1,11127,12.482150137993122
CA_1,HOBBIES_1_046_CA_1,11128,14.86863643079962
CA_1,HOBBIES_1_046_CA_1,11129,11.25994947441348
CA_1,HOBBIES_1_046_CA_1,11130,10.001782348554432
CA_1,HOBBIES_1_047_CA_1,11101,13.678269256858297
CA_1,HOBBIES_1_047_CA_1,11102,5.447002648588374
CA_1,HOBBIES_1_047_CA_1,11103,4.6376751439869395
CA_1,HOBBIES_1_047_CA_1,11104,9.103045985750283
CA_1,HOBBIES_1_047_CA_1,11105,10.623167521700932
CA_1,HOBBIES_1_047_CA_1,11106,6.796791771582607
CA_1,HOBBIES_1_047_CA_1,11107,7.483435142340415
CA_1,HOBBIES_1_047_CA_1,11108,9.021724437197873
CA_1,HOBBIES_1_047_CA_1,11109,3.139595146629759
CA_1,HOBBIES_1_047_CA_1,11110,15.960630685120963
CA_1,HOBBIES_1_047_CA_1,11111,5.9269371159631445
CA_1,HOBBIES_1_047_CA_1,11112,8.790186330651087
CA_1,HOBBIES_1_047_CA_1,11113,3.1713428669124957
CA_1,HOBBIES_1_047_CA_1,11114,13.14326734316729
CA_1,HOBBIES_1_047_CA_1,11115,6.676625445877959
CA_1,HOBBIES_1_047_CA_1,11116,6.172364464937603
CA_1,HOBBIES_1_047_CA_1,11117,11.019264333592359
CA_1,HOBBIES_1_047_CA_1,11118,4.642560933902725
CA_1,HOBBIES_1_047_CA_1,11119,11.525901115432886
CA_1,HOBBIES_1_047_CA_1,11120,2.329174792393042
CA_1,HOBBIES_1_047_CA_1,11121,4.543613440925643
CA_1,HOBBIES_1_047_CA_1,11122,15.49368384584387
CA_1,HOBBIES_1_047_CA_1,11123,5.733571657028803
CA_1,HOBBIES_1_047_CA_1,11124,2.4437293185597664
CA_1,HOBBIES_1_047_CA_1,11125,11.019591215100673
CA_1,HOBBIES_1_047_CA_1,11126,11.058168695753956
CA_1,HOBBIES_1_047_CA_1,11127,8.43811153622076
CA_1,HOBBIES_1_047_CA_1,11128,9.10075286325597
CA_1,HOBBIES_1_047_CA_1,11129,11.40290554873725
CA_1,HOBBIES_1_047_CA_1,11130,12.250475023926324
CA_1,HOBBIES_1_048_CA_1,11101,8.604045918472787
CA_1,HOBBIES_1_048_CA_1,11102,4.525017756631698
CA_1,HOBBIES_1_048_CA_1,11103,10.093289525983558
CA_1,HOBBIES_1_048_CA_1,11104,5.510995276705837
CA_1,HOBBIES_1_048_CA_1,11105,13.571633767674442
CA_1,HOBBIES_1_048_CA_1,11106,10.367075847743449
CA_1,HOBBIES_1_048_CA_1,11107,7.672618364468047
CA_1,HOBBIES_1_048_CA_1,11108,3.2944463080817723
CA_1,HOBBIES_1_048_CA_1,11109,12.577781022496424
CA_1,HOBBIES_1_048_CA_1,11110,2.5295675179004187
CA_1,HOBBIES_1_048_CA_1,11111,7.301876516430934
CA_1,HOBBIES_1_048_CA_1,11112,13.214197127856082
CA_1,HOBBIES_1_048_CA_1,11113,7.971891064672529
CA_1,HOBBIES_1_048_CA_1,11114,7.804806604507348
CA_1,HOBBIES_1_048_CA_1,11115,7.483384090832548
CA_1,HOBBIES_1_048_CA_1,11116,9.643595694743386
CA_1,HOBBIES_1_048_CA_1,11117,12.734561212143635
CA_1,HOBBIES_1_048_CA_1,11118,8.994377426478803
CA_1,HOBBIES_1_048_CA_1,11119,2.242205126026413
CA_1,HOBBIES_1_048_CA_1,11120,13.249170025672466
CA_1,HOBBIES_1_048_CA_1,11121,15.706531448829411
CA_1,HOBBIES_1_048_CA_1,11122,13.703630195953044
CA_1,HOBBIES_1_048_CA_1,11123,15.32250852436121
CA_1,HOBBIES_1_048_CA_1,11124,2.4796738315359503
CA_1,HOBBIES_1_048_CA_1,11125,7.205636759247268
CA_1,HOBBIES_1_048_CA_1,11126,5.542399878350243
CA_1,HOBBIES_1_048_CA_1,11127,10.348964325168842
CA_1,HOBBIES_1_048_CA_1,11128,8.064049152892155
CA_1,HOBBIES_1_048_CA_1,11129,6.0683963566802
CA_1,HOBBIES_1_048_CA_1,11130,14.992981293128583
CA_1,HOBBIES_1_049_CA_1,11101,10.012852730791543
CA_1,HOBBIES_1_049_CA_1,11102,13.26615266027375
CA_1,HOBBIES_1_049_CA_1,11103,2.1095016437942107
CA_1,HOBBIES_1_049_CA_1,11104,12.064488972754917
CA_1,HOBBIES_1_049_CA_1,11105,7.643397296492179
CA_1,HOBBIES_1_049_CA_1,11106,5.2575950698024485
CA_1,HOBBIES_1_049_CA_1,11107,6.801340893098417
CA_1,HOBBIES_1_049_CA_1,11108,14.624632537549788
CA_1,HOBBIES_1_049_CA_1,11109,5.522441209478926
CA_1,HOBBIES_1_049_CA_1,11110,15.688706507612858
CA_1,HOBBIES_1_049_CA_1,11111,2.8441704560167334
CA_1,HOBBIES_1_049_CA_1,11112,8.751602232366226
CA_1,HOBBIES_1_049_CA_1,11113,13.128085537979661
CA_1,HOBBIES_1_049_CA_1,11114,3.846741201314491
CA_1,HOBBIES_1_049_CA_1,11115,15.042694687848476
CA_1,HOBBIES_1_049_CA_1,11116,15.794864508124286
CA_1,HOBBIES_1_049_CA_1,11117,13.8809024148427
CA_1,HOBBIES_1_049_CA_1,11118,10.029399163694672
CA_1,HOBBIES_1_049_CA_1,11119,15.89868562636008
CA_1,HOBBIES_1_049_CA_1,11120,15.175227782105475
CA_1,HOBBIES_1_049_CA_1,11121,6.535630027281176
CA_1,HOBBIES_1_049_CA_1,11122,10.873150281219305
CA_1,HOBBIES_1_049_CA_1,11123,15.902770511011925
CA_1,HOBBIES_1_049_CA_1,11124,6.074517256848014
CA_1,HOBBIES_1_049_CA_1,11125,9.169792751988695
CA_1,HOBBIES_1_049_CA_1,11126,8.918042657491402
CA_1,HOBBIES_1_049_CA_1,11127,15.169017729847468
CA_1,HOBBIES_1_049_CA_1,11128,5.560043189545614
CA_1,HOBBIES_1_049_CA_1,11129,3.6251454774735845
CA_1,HOBBIES_1_049_CA_1,11130,3.6145541025149983
CA_1,HOBBIES_1_050_CA_1,11101,12.522206937651625
CA_1,HOBBIES_1_050_CA_1,11102,10.853880190459577
CA_1,HOBBIES_1_050_CA_1,11103,5.524586560823725
CA_1,HOBBIES_1_050_CA_1,11104,4.938651022796841
CA_1,HOBBIES_1_050_CA_1,11105,2.4389017652778797
CA_1,HOBBIES_1_050_CA_1,11106,6.442431747197487
CA_1,HOBBIES_1_050_CA_1,11107,8.662153683897136
CA_1,HOBBIES_1_050_CA_1,11108,13.739842743707888
CA_1,HOBBIES_1_050_CA_1,11109,8.140747929469775
CA_1,HOBBIES_1_050_CA_1,11110,6.968371670179243
CA_1,HOBBIES_1_050_CA_1,11111,12.367021955944397
CA_1,HOBBIES_1_050_CA_1,11112,9.939450353341641
CA_1,HOBBIES_1_050_CA_1,11113,10.376451824652746
CA_1,HOBBIES_1_050_CA_1,11114,14.984038347176362
CA_1,HOBBIES_1_050_CA_1,11115,4.768702065006666
CA_1,HOBBIES_1_050_CA_1,11116,3.675696026938706
CA_1,HOBBIES_1_050_CA_1,11117,14.050236828742591
CA_1,HOBBIES_1_050_CA_1,11118,2.9583032914773066
CA_1,HOBBIES_1_050_CA_1,11119,10.498015816395686
CA_1,HOBBIES_1_050_CA_1,11120,9.806364195460283
CA_1,HOBBIES_1_050_CA_1,11121,7.873796408038658
CA_1,HOBBIES_1_050_CA_1,11122,4.545736501151039
CA_1,HOBBIES_1_050_CA_1,11123,11.353266774014868
CA_1,HOBBIES_1_050_CA_1,11124,15.736486096347306
CA_1,HOBBIES_1_050_CA_1,11125,10.533287468970764
CA_1,HOBBIES_1_050_CA_1,11126,9.719727428051721
CA_1,HOBBIES_1_050_CA_1,11127,2.2749459268904655
CA_1,HOBBIES_1_050_CA_1,11128,12.877389035682963
CA_1,HOBBIES_1_050_CA_1,11129,8.193689625316345
CA_1,HOBBIES_1_050_CA_1,11130,8.233349796783775
CA_1,HOBBIES_1_051_CA_1,11101,13.647548858645072
CA_1,HOBBIES_1_051_CA_1,11102,7.788740686668737
CA_1,HOBBIES_1_051_CA_1,11103,11.315727199394097
CA_1,HOBBIES_1_051_CA_1,11104,13.327710054971178
CA_1,HOBBIES_1_051_CA_1,11105,5.854222881029284
CA_1,HOBBIES_1_051_CA_1,11106,8.255631042587902
CA_1,HOBBIES_1_051_CA_1,11107,4.130453122624873
CA_1,HOBBIES_1_051_CA_1,11108,4.073207368945443
CA_1,HOBBIES_1_051_CA_1,11109,6.686303931058442
CA_1,HOBBIES_1_051_CA_1,11110,15.596784428768334
CA_1,HOBBIES_1_051_CA_1,11111,14.846472508974252
CA_1,HOBBIES_1_051_CA_1,11112,6.307819329280009
CA_1,HOBBIES_1_051_CA_1,11113,10.39973516384754
CA_1,HOBBIES_1_051_CA_1,11114,8.800852289100005
CA_1,HOBBIES_1_051_CA_1,11115,4.8028474786798885
CA_1,HOBBIES_1_051_CA_1,11116,8.105860572409597
CA_1,HOBBIES_1_051_CA_1,11117,14.493183040006807
CA_1,HOBBIES_1_051_CA_1,11118,7.353445018618787
CA_1,HOBBIES_1_051_CA_1,11119,3.206782479675719
CA_1,HOBBIES_1_051_CA_1,11120,3.227446948438687
CA_1,HOBBIES_1_051_CA_1,11121,10.947585837819291
CA_1,HOBBIES_1_051_CA_1,11122,4.503455400319822
CA_1,HOBBIES_1_051_CA_1,11123,11.905021250298143
CA_1,HOBBIES_1_051_CA_1,11124,11.104469004570037
CA_1,HOBBIES_1_051_CA_1,11125,7.736453962031324
CA_1,HOBBIES_1_051_CA_1,11126,7.908759805530012
CA_1,HOBBIES_1_051_CA_1,11127,14.606641077192231
CA_1,HOBBIES_1_051_CA_1,11128,11.272901535202571
CA_1,HOBBIES_1_051_CA_1,11129,5.890684993719083
CA_1,HOBBIES_1_051_CA_1,11130,10.24475136796286
CA_1,HOBBIES_1_052_CA_1,11101,13.524153964675376
CA_1,HOBBIES_1_052_CA_1,11102,6.641571128750867
CA_1,HOBBIES_1_052_CA_1,11103,9.131152299976362
CA_1,HOBBIES_1_052_CA_1,11104,15.927436834349939
CA_1,HOBBIES_1_052_CA_1,11105,6.507276891217703
CA_1,HOBBIES_1_052_CA_1,11106,11.182247763304387
CA_1,HOBBIES_1_052_CA_1,11107,2.448157169188587
CA_1,HOBBIES_1_052_CA_1,11108,2.7439842443489035
CA_1,HOBBIES_1_052_CA_1,11109,7.586053452357242
CA_1,HOBBIES_1_052_CA_1,11110,6.7294035500346725
CA_1,HOBBIES_1_052_CA_1,11111,11.486303325684942
CA_1,HOBBIES_1_052_CA_1,11112,3.360369979785115
CA_1,HOBBIES_1_052_CA_1,11113,3.49497589638451
CA_1,HOBBIES_1_052_CA_1,11114,8.494602691387229
CA_1,HOBBIES_1_052_CA_1,11115,3.686506012189369
CA_1,HOBBIES_1_052_CA_1,11116,2.9121413897976423
CA_1,HOBBIES_1_052_CA_1,11117,6.8272298748133915
CA_1,HOBBIES_1_052_CA_1,11118,10.212767456747043
CA_1,HOBBIES_1_052_CA_1,11119,14.518577937094587
CA_1,HOBBIES_1_052_CA_1,11120,14.496535482358668
CA_1,HOBBIES_1_052_CA_1,11121,8.489527033612703
CA_1,HOBBIES_1_052_CA_1,11122,11.397378491657294
CA_1,HOBBIES_1_052_CA_1,11123,9.852284133410471
CA_1,HOBBIES_1_052_CA_1,11124,6.01659986809981
CA_1,HOBBIES_1_052_CA_1,11125,2.347942073247593
CA_1,HOBBIES_1_052_CA_1,11126,6.8858099260519525
CA_1,HOBBIES_1_052_CA_1,11127,12.298955139919011
CA_1,HOBBIES_1_052_CA_1,11128,15.161107467600775
CA_1,HOBBIES_1_052_CA_1,11129,12.083688403060728
CA_1,HOBBIES_1_052_CA_1,11130,15.562270251672164
CA_1,HOBBIES_1_053_CA_1,11101,3.8079259242830865
CA_1,HOBBIES_1_053_CA_1,11102,2.2376034991506932
CA_1,HOBBIES_1_053_CA_1,11103,4.69015619923638
CA_1,HOBBIES_1_053_CA_1,11104,9.759349495439395
CA_1,HOBBIES_1_053_CA_1,11105,6.3510700950787236
CA_1,HOBBIES_1_053_CA_1,11106,3.8528884766175744
CA_1,HOBBIES_1_053_CA_1,11107,10.876841459649894
CA_1,HOBBIES_1_053_CA_1,11108,2.957309996279662
CA_1,HOBBIES_1_053_CA_1,11109,11.640179128206476
CA_1,HOBBIES_1_053_CA_1,11110,6.773048920624111
CA_1,HOBBIES_1_053_CA_1,11111,15.83044711637549
CA_1,HOBBIES_1_053_CA_1,11112,8.42344854982606
CA_1,HOBBIES_1_053_CA_1,11113,13.077644269303013
CA_1,HOBBIES_1_053_CA_1,11114,13.774655090627032
CA_1,HOBBIES_1_053_CA_1,11115,3.368648421846431
CA_1,HOBBIES_1_053_CA_1,11116,8.57481588621357
CA_1,HOBBIES_1_053_CA_1,11117,5.421803092919745
CA_1,HOBBIES_1_053_CA_1,11118,14.962852219528443
CA_1,HOBBIES_1_053_CA_1,11119,9.397652079487978
CA_1,HOBBIES_1_053_CA_1,11120,9.71188804663004
CA_1,HOBBIES_1_053_CA_1,11121,3.1890549017033267
CA_1,HOBBIES_1_053_CA_1,11122,8.002288880098696
CA_1,HOBBIES_1_053_CA_1,11123,5.521877040697784
CA_1,HOBBIES_1_053_CA_1,11124,14.705457606002449
CA_1,HOBBIES_1_053_CA_1,11125,11.235792992628115
CA_1,HOBBIES_1_053_CA_1,11126,11.58768746215534
CA_1,HOBBIES_1_053_CA_1,11127,15.606800767613487
CA_1,HOBBIES_1_053_CA_1,11128,9.475734245828992
CA_1,HOBBIES_1_053_CA_1,11129,11.661014072345145
CA_1,HOBBIES_1_053_CA_1,11130,2.950026860130854
CA_1,HOBBIES_1_054_CA_1,11101,5.2010841702269905
CA_1,HOBBIES_1_054_CA_1,11102,8.132622349573252
CA_1,HOBBIES_1_054_CA_1,11103,4.764348312094588
CA_1,HOBBIES_1_054_CA_1,11104,5.465307029518962
CA_1,HOBBIES_1_054_CA_1,11105,6.0015715771342695
CA_1,HOBBIES_1_054_CA_1,11106,15.123258676410268
CA_1,HOBBIES_1_054_CA_1,11107,15.790537128562686
CA_1,HOBBIES_1_054_CA_1,11108,11.823172380109575
CA_1,HOBBIES_1_054_CA_1,11109,13.884482772194753
CA_1,HOBBIES_1_054_CA_1,11110,8.886288833642691
CA_1,HOBBIES_1_054_CA_1,11111,13.033320453311157
CA_1,HOBBIES_1_054_CA_1,11112,7.941075773162343
CA_1,HOBBIES_1_054_CA_1,11113,14.878076267494466
CA_1,HOBBIES_1_054_CA_1,11114,11.095279248535963
CA_1,HOBBIES_1_054_CA_1,11115,12.096906082915472
CA_1,HOBBIES_1_054_CA_1,11116,12.75652144469684
CA_1,HOBBIES_1_054_CA_1,11117,2.554287380164418
CA_1,HOBBIES_1_054_CA_1,11118,12.079309581268344
CA_1,HOBBIES_1_054_CA_1,11119,7.351004170889286
CA_1,HOBBIES_1_054_CA_1,11120,8.138576760987242
CA_1,HOBBIES_1_054_CA_1,11121,14.436726622112745
CA_1,HOBBIES_1_054_CA_1,11122,3.464493104194056
CA_1,HOBBIES_1_054_CA_1,11123,11.637830905418479
CA_1,HOBBIES_1_054_CA_1,11124,8.864070486403271
CA_1,HOBBIES_1_054_CA_1,11125,8.511116079801537
CA_1,HOBBIES_1_054_CA_1,11126,6.613269562575803
CA_1,HOBBIES_1_054_CA_1,11127,5.476255231025125
CA_1,HOBBIES_1_054_CA_1,11128,5.681462071127095
CA_1,HOBBIES_1_054_CA_1,11129,13.37122836039679
CA_1,HOBBIES_1_054_CA_1,11130,9.120859983311494
CA_1,HOBBIES_1_055_CA_1,11101,8.734845445311855
CA_1,HOBBIES_1_055_CA_1,11102,13.90743324889284
CA_1,HOBBIES_1_055_CA_1,11103,6.155680492736502
CA_1,HOBBIES_1_055_CA_1,11104,11.770301944997598
CA_1,HOBBIES_1_055_CA_1,11105,8.792944634168727
CA_1,HOBBIES_1_055_CA_1,11106,9.952511716208258
CA_1,HOBBIES_1_055_CA_1,11107,11.839780584525565
CA_1,HOBBIES_1_055_CA_1,11108,12.459380903068775
CA_1,HOBBIES_1_055_CA_1,11109,4.92116970548854
CA_1,HOBBIES_1_055_CA_1,11110,7.083279775105469
CA_1,HOBBIES_1_055_CA_1,11111,11.032088278557792
CA_1,HOBBIES_1_055_CA_1,11112,5.990041787528408
CA_1,HOBBIES_1_055_CA_1,11113,1.9911933900359102
CA_1,HOBBIES_1_055_CA_1,11114,11.553032999258354
CA_1,HOBBIES_1_055_CA_1,11115,10.394595644933114
CA_1,HOBBIES_1_055_CA_1,11116,3.248567101448433
CA_1,HOBBIES_1_055_CA_1,11117,4.983711041360975
CA_1,HOBBIES_1_055_CA_1,11118,11.702542303506478
CA_1,HOBBIES_1_055_CA_1,11119,7.057385545115148
CA_1,HOBBIES_1_055_CA_1,11120,7.174260691899288
CA_1,HOBBIES_1_055_CA_1,11121,13.60697552539533
CA_1,HOBBIES_1_055_CA_1,11122,5.548515323215877
CA_1,HOBBIES_1_055_CA_1,11123,13.888914378874581
CA_1,HOBBIES_1_055_CA_1,11124,11.50027808225701
CA_1,HOBBIES_1_055_CA_1,11125,12.471601066231552
CA_1,HOBBIES_1_055_CA_1,11126,14.726008245337754
CA_1,HOBBIES_1_055_CA_1,11127,8.35846183305856
CA_1,HOBBIES_1_055_CA_1,11128,2.545908334456695
CA_1,HOBBIES_1_055_CA_1,11129,3.5314857475352985
CA_1,HOBBIES_1_055_CA_1,11130,7.246689847165413
CA_1,HOBBIES_1_056_CA_1,11101,10.909627801439706
CA_1,HOBBIES_1_056_CA_1,11102,7.02361588093419
CA_1,HOBBIES_1_056_CA_1,11103,7.146203069156153
CA_1,HOBBIES_1_056_CA_1,11104,4.713237943135045
CA_1,HOBBIES_1_056_CA_1,11105,9.248494209656114
CA_1,HOBBIES_1_056_CA_1,11106,7.066894508538481
CA_1,HOBBIES_1_056_CA_1,11107,7.401253263429004
CA_1,HOBBIES_1_056_CA_1,11108,2.7295536768731834
CA_1,HOBBIES_1_056_CA_1,11109,2.6055896656426287
CA_1,HOBBIES_1_056_CA_1,11110,14.762537176466966
CA_1,HOBBIES_1_056_CA_1,11111,5.263109108733836
CA_1,HOBBIES_1_056_CA_1,11112,5.830617828232903
CA_1,HOBBIES_1_056_CA_1,11113,10.88208602289541
CA_1,HOBBIES_1_056_CA_1,11114,4.23500744391301
CA_1,HOBBIES_1_056_CA_1,11115,8.373421231001156
CA_1,HOBBIES_1_056_CA_1,11116,6.758020070467383
CA_1,HOBBIES_1_056_CA_1,11117,9.635247581415976
CA_1,HOBBIES_1_056_CA_1,11118,2.217889524339582
CA_1,HOBBIES_1_056_CA_1,11119,15.33042204815293
CA_1,HOBBIES_1_056_CA_1,11120,15.809919543237172
CA_1,HOBBIES_1_056_CA_1,11121,6.729608254496763
CA_1,HOBBIES_1_056_CA_1,11122,5.344640343452228
CA_1,HOBBIES_1_056_CA_1,11123,7.327937380360224
CA_1,HOBBIES_1_056_CA_1,11124,10.589079827058535
CA_1,HOBBIES_1_056_CA_1,11125,11.574197346000698
CA_1,HOBBIES_1_056_CA_1,11126,12.069744236531681
CA_1,HOBBIES_1_056_CA_1,11127,15.723150312320472
CA_1,HOBBIES_1_056_CA_1,11128,15.595575717398397
CA_1,HOBBIES_1_056_CA_1,11129,8.78857556443117
CA_1,HOBBIES_1_056_CA_1,11130,9.990020523037545
CA_1,HOBBIES_1_057_CA_1,11101,12.133651682734028
CA_1,HOBBIES_1_057_CA_1,11102,14.169546305348934
CA_1,HOBBIES_1_057_CA_1,11103,7.77739430953377
CA_1,HOBBIES_1_057_CA_1,11104,5.298087754653201
CA_1,HOBBIES_1_057_CA_1,11105,14.236377391202184
CA_1,HOBBIES_1_057_CA_1,11106,7.003996209839925
CA_1,HOBBIES_1_057_CA_1,11107,9.25083702526243
CA_1,HOBBIES_1_057_CA_1,11108,3.1061266137531893
CA_1,HOBBIES_1_057_CA_1,11109,7.430660376873484
CA_1,HOBBIES_1_057_CA_1,11110,6.988256434624391
CA_1,HOBBIES_1_057_CA_1,11111,4.844517527564371
CA_1,HOBBIES_1_057_CA_1,11112,11.524942970067778
CA_1,HOBBIES_1_057_CA_1,11113,3.9229098318824116
CA_1,HOBBIES_1_057_CA_1,11114,5.314449969980919
CA_1,HOBBIES_1_057_CA_1,11115,9.82361886618363
CA_1,HOBBIES_1_057_CA_1,11116,14.55486914458063
CA_1,HOBBIES_1_057_CA_1,11117,8.904007693885106
CA_1,HOBBIES_1_057_CA_1,11118,9.830174766700177
CA_1,HOBBIES_1_057_CA_1,11119,5.141659503813263
CA_1,HOBBIES_1_057_CA_1,11120,10.585420588023903
CA_1,HOBBIES_1_057_CA_1,11121,2.5204203426106506
CA_1,HOBBIES_1_057_CA_1,11122,15.023632885200087
CA_1,HOBBIES_1_057_CA_1,11123,10.549241783983188
CA_1,HOBBIES_1_057_CA_1,11124,7.398737750248897
CA_1,HOBBIES_1_057_CA_1,11125,3.9285968825591118
CA_1,HOBBIES_1_057_CA_1,11126,5.452014024598725
CA_1,HOBBIES_1_057_CA_1,11127,14.678155416914613
CA_1,HOBBIES_1_057_CA_1,11128,12.717015269930824
CA_1,HOBBIES_1_057_CA_1,11129,5.418811957650617
CA_1,HOBBIES_1_057_CA_1,11130,14.800511575556309
CA_1,HOBBIES_1_058_CA_1,11101,4.174116745451407
CA_1,HOBBIES_1_058_CA_1,11102,6.937789295893371
CA_1,HOBBIES_1_058_CA_1,11103,13.632050825234819
CA_1,HOBBIES_1_058_CA_1,11104,5.970989175186937
CA_1,HOBBIES_1_058_CA_1,11105,13.315511636663752
CA_1,HOBBIES_1_058_CA_1,11106,4.783220562348957
CA_1,HOBBIES_1_058_CA_1,11107,15.567159067256325
CA_1,HOBBIES_1_058_CA_1,11108,13.822166486367582
CA_1,HOBBIES_1_058_CA_1,11109,8.78352530910827
CA_1,HOBBIES_1_058_CA_1,11110,3.905739381585688
CA_1,HOBBIES_1_058_CA_1,11111,5.386569074723614
CA_1,HOBBIES_1_058_CA_1,11112,4.233719057764724
CA_1,HOBBIES_1_058_CA_1,11113,2.924977183786038
CA_1,HOBBIES_1_058_CA_1,11114,5.395717990458649
CA_1,HOBBIES_1_058_CA_1,11115,15.859836364685853
CA_1,HOBBIES_1_058_CA_1,11116,14.901673730520175
CA_1,HOBBIES_1_058_CA_1,11117,2.857825620745602
CA_1,HOBBIES_1_058_CA_1,11118,8.6187401606195
CA_1,HOBBIES_1_058_CA_1,11119,8.533804466347345
CA_1,HOBBIES_1_058_CA_1,11120,10.517073637646414
CA_1,HOBBIES_1_058_CA_1,11121,9.348323317123896
CA_1,HOBBIES_1_058_CA_1,11122,9.217211526898206
CA_1,HOBBIES_1_058_CA_1,11123,15.62286175088288
CA_1,HOBBIES_1_058_CA_1,11124,2.6773599317326573
CA_1,HOBBIES_1_058_CA_1,11125,6.1820992022276355
CA_1,HOBBIES_1_058_CA_1,11126,9.27751471676047
CA_1,HOBBIES_1_058_CA_1,11127,8.032101019119727
CA_1,HOBBIES_1_058_CA_1,11128,9.955000876159593
CA_1,HOBBIES_1_058_CA_1,11129,15.14370515381498
CA_1,HOBBIES_1_058_CA_1,11130,12.211037210025802
CA_1,HOBBIES_1_059_CA_1,11101,2.2180237578434596
CA_1,HOBBIES_1_059_CA_1,11102,10.826376425938049
CA_1,HOBBIES_1_059_CA_1,11103,12.104648028984714
CA_1,HOBBIES_1_059_CA_1,11104,5.278915753338121
CA_1,HOBBIES_1_059_CA_1,11105,5.552239132937287
CA_1,HOBBIES_1_059_CA_1,11106,15.562009087878572
CA_1,HOBBIES_1_059_CA_1,11107,7.067740434763154
CA_1,HOBBIES_1_059_CA_1,11108,9.138146488205885
CA_1,HOBBIES_1_059_CA_1,11109,3.708251629374738
CA_1,HOBBIES_1_059_CA_1,11110,14.83595061263227
CA_1,HOBBIES_1_059_CA_1,11111,4.312214117189447
CA_1,HOBBIES_1_059_CA_1,11112,10.904716574262524
CA_1,HOBBIES_1_059_CA_1,11113,13.12280780935435
CA_1,HOBBIES_1_059_CA_1,11114,7.291728231236878
CA_1,HOBBIES_1_059_CA_1,11115,9.871152121345453
CA_1,HOBBIES_1_059_CA_1,11116,13.962162719893682
CA_1,HOBBIES_1_059_CA_1,11117,8.120668775351646
CA_1,HOBBIES_1_059_CA_1,11118,4.963298829348752
CA_1,HOBBIES_1_059_CA_1,11119,8.60860136487879
CA_1,HOBBIES_1_059_CA_1,11120,6.954420154866134
CA_1,HOBBIES_1_059_CA_1,11121,7.293679360821391
CA_1,HOBBIES_1_059_CA_1,11122,11.020466141183244
CA_1,HOBBIES_1_059_CA_1,11123,10.249406857315549
CA_1,HOBBIES_1_059_CA_1,11124,2.960421957363714
CA_1,HOBBIES_1_059_CA_1,11125,11.538955482199238
CA_1,HOBBIES_1_059_CA_1,11126,13.71218102692364
CA_1,HOBBIES_1_059_CA_1,11127,4.073802248657081
CA_1,HOBBIES_1_059_CA_1,11128,3.1047211563697426
CA_1,HOBBIES_1_059_CA_1,11129,8.793936124093596
CA_1,HOBBIES_1_059_CA_1,11130,12.889751917883645
CA_1,HOBBIES_1_060_CA_1,11101,11.791717294747773
CA_1,HOBBIES_1_060_CA_1,11102,12.888091683544799
CA_1,HOBBIES_1_060_CA_1,11103,6.317520226380848
CA_1,HOBBIES_1_060_CA_1,11104,4.022223846954394
CA_1,HOBBIES_1_060_CA_1,11105,9.45157474101511
CA_1,HOBBIES_1_060_CA_1,11106,13.009072241288251
CA_1,HOBBIES_1_060_CA_1,11107,5.354312192100702
CA_1,HOBBIES_1_060_CA_1,11108,12.109729288794883
CA_1,HOBBIES_1_060_CA_1,11109,6.569224904283828
CA_1,HOBBIES_1_060_CA_1,11110,7.630377211150197
CA_1,HOBBIES_1_060_CA_1,11111,15.93995555122444
CA_1,HOBBIES_1_060_CA_1,11112,6.0159864331611335
CA_1,HOBBIES_1_060_CA_1,11113,6.052291043986378
CA_1,HOBBIES_1_060_CA_1,11114,15.435720958831794
CA_1,HOBBIES_1_060_CA_1,11115,7.955973762552618
CA_1,HOBBIES_1_060_CA_1,11116,5.334349376107017
CA_1,HOBBIES_1_060_CA_1,11117,15.241346667882475
CA_1,HOBBIES_1_060_CA_1,11118,5.967064682578922
CA_1,HOBBIES_1_060_CA_1,11119,5.720398360829332
CA_1,HOBBIES_1_060_CA_1,11120,12.64739096766026
CA_1,HOBBIES_1_060_CA_1,11121,3.423800191156039
CA_1,HOBBIES_1_060_CA_1,11122,3.7208413304917176
CA_1,HOBBIES_1_060_CA_1,11123,7.554844112042575
CA_1,HOBBIES_1_060_CA_1,11124,7.158243568397729
CA_1,HOBBIES_1_060_CA_1,11125,6.888434430648974
CA_1,HOBBIES_1_060_CA_1,11126,7.546775527653292
CA_1,HOBBIES_1_060_CA_1,11127,7.899784788930847
CA_1,HOBBIES_1_060_CA_1,11128,11.337425044159897
CA_1,HOBBIES_1_060_CA_1,11129,10.289459531968054
CA_1,HOBBIES_1_060_CA_1,11130,11.986413466667601
CA_1,HOBBIES_1_061_CA_1,11101,10.758121082104246
CA_1,HOBBIES_1_061_CA_1,11102,10.27981447682083
CA_1,HOBBIES_1_061_CA_1,11103,8.095645832792822
CA_1,HOBBIES_1_061_CA_1,11104,4.48088202933488
CA_1,HOBBIES_1_061_CA_1,11105,5.65855580749626
CA_1,HOBBIES_1_061_CA_1,11106,3.2770984692946463
CA_1,HOBBIES_1_061_CA_1,11107,3.6137864365733297
CA_1,HOBBIES_1_061_CA_1,11108,8.697615905479338
CA_1,HOBBIES_1_061_CA_1,11109,12.375872631281043
CA_1,HOBBIES_1_061_CA_1,11110,14.462123546148343
CA_1,HOBBIES_1_061_CA_1,11111,5.9411184973329805
CA_1,HOBBIES_1_061_CA_1,11112,12.78014754257295
CA_1,HOBBIES_1_061_CA_1,11113,5.97863507339884
CA_1,HOBBIES_1_061_CA_1,11114,10.313571284887521
CA_1,HOBBIES_1_061_CA_1,11115,4.893905418977076
CA_1,HOBBIES_1_061_CA_1,11116,9.43521045804702
CA_1,HOBBIES_1_061_CA_1,11117,5.7249125614044205
CA_1,HOBBIES_1_061_CA_1,11118,6.466536184619174
CA_1,HOBBIES_1_061_CA_1,11119,11.052215048531579
CA_1,HOBBIES_1_061_CA_1,11120,13.791213420369884
CA_1,HOBBIES_1_061_CA_1,11121,15.789272532105011
CA_1,HOBBIES_1_061_CA_1,11122,4.282998126083219
CA_1,HOBBIES_1_061_CA_1,11123,14.000353880486118
CA_1,HOBBIES_1_061_CA_1,11124,15.948646055642312
CA_1,HOBBIES_1_061_CA_1,11125,15.806415955446406
CA_1,HOBBIES_1_061_CA_1,11126,9.380654674046136
CA_1,HOBBIES_1_061_CA_1,11127,14.752533080111789
CA_1,HOBBIES_1_061_CA_1,11128,9.776612100356484
CA_1,HOBBIES_1_061_CA_1,11129,3.626702074681589
CA_1,HOBBIES_1_061_CA_1,11130,9.715981320230723
CA_1,HOBBIES_1_062_CA_1,11101,5.558641331123534
CA_1,HOBBIES_1_062_CA_1,11102,15.466834054029095
CA_1,HOBBIES_1_062_CA_1,11103,14.591030296260024
CA_1,HOBBIES_1_062_CA_1,11104,4.095122247853377
CA_1,HOBBIES_1_062_CA_1,11105,4.720529812071873
CA_1,HOBBIES_1_062_CA_1,11106,13.033804725599298
CA_1,HOBBIES_1_062_CA_1,11107,13.722823897851555
CA_1,HOBBIES_1_062_CA_1,11108,2.331568234974508
CA_1,HOBBIES_1_062_CA_1,11109,7.913157139954102
CA_1,HOBBIES_1_062_CA_1,11110,4.56840105318371
CA_1,HOBBIES_1_062_CA_1,11111,3.5566363368180745
CA_1,HOBBIES_1_062_CA_1,11112,11.58561836785191
CA_1,HOBBIES_1_062_CA_1,11113,2.8262316404912755
CA_1,HOBBIES_1_062_CA_1,11114,10.942994772160619
CA_1,HOBBIES_1_062_CA_1,11115,5.220851087909608
CA_1,HOBBIES_1_062_CA_1,11116,8.54554155933308
CA_1,HOBBIES_1_062_CA_1,11117,3.2931772861048443
CA_1,HOBBIES_1_062_CA_1,11118,12.797102196577505
CA_1,HOBBIES_1_062_CA_1,11119,7.6584959430228485
CA_1,HOBBIES_1_062_CA_1,11120,3.5826564802766354
CA_1,HOBBIES_1_062_CA_1,11121,7.55292527298764
CA_1,HOBBIES_1_062_CA_1,11122,11.062469057559774
CA_1,HOBBIES_1_062_CA_1,11123,9.47311844535198
CA_1,HOBBIES_1_062_CA_1,11124,6.411271355630157
CA_1,HOBBIES_1_062_CA_1,11125,14.779499237432269
CA_1,HOBBIES_1_062_CA_1,11126,10.843718709188295
CA_1,HOBBIES_1_062_CA_1,11127,10.321801729618072
CA_1,HOBBIES_1_062_CA_1,11128,9.438846339170274
CA_1,HOBBIES_1_062_CA_1,11129,3.25475153005607
CA_1,HOBBIES_1_062_CA_1,11130,10.665509178690963
CA_1,HOBBIES_1_063_CA_1,11101,4.565716246568986
CA_1,HOBBIES_1_063_CA_1,11102,6.217295484006481
CA_1,HOBBIES_1_063_CA_1,11103,6.416212480806686
CA_1,HOBBIES_1_063_CA_1,11104,9.66169968736538
CA_1,HOBBIES_1_063_CA_1,11105,12.176458094407112
CA_1,HOBBIES_1_063_CA_1,11106,15.134244616293069
CA_1,HOBBIES_1_063_CA_1,11107,8.558795612362983
CA_1,HOBBIES_1_063_CA_1,11108,5.299251911948771
CA_1,HOBBIES_1_063_CA_1,11109,5.081754588353165
CA_1,HOBBIES_1_063_CA_1,11110,10.36337522418446
CA_1,HOBBIES_1_063_CA_1,11111,5.842947124900287
CA_1,HOBBIES_1_063_CA_1,11112,9.103038059251451
CA_1,HOBBIES_1_063_CA_1,11113,3.5731961370349605
CA_1,HOBBIES_1_063_CA_1,11114,10.674291493412966
CA_1,HOBBIES_1_063_CA_1,11115,5.912963574215773
CA_1,HOBBIES_1_063_CA_1,11116,3.0975815967987246
CA_1,HOBBIES_1_063_CA_1,11117,4.131462144533908
CA_1,HOBBIES_1_063_CA_1,11118,9.206675594930244
CA_1,HOBBIES_1_063_CA_1,11119,9.005085710139227
CA_1,HOBBIES_1_063_CA_1,11120,14.1728213366554
CA_1,HOBBIES_1_063_CA_1,11121,10.837694971120852
CA_1,HOBBIES_1_063_CA_1,11122,11.675732250436768
CA_1,HOBBIES_1_063_CA_1,11123,5.376446494181299
CA_1,HOBBIES_1_063_CA_1,11124,13.286866456396755
CA_1,HOBBIES_1_063_CA_1,11125,5.581820794354481
CA_1,HOBBIES_1_063_CA_1,11126,6.1580557716564766
CA_1,HOBBIES_1_063_CA_1,11127,12.61107560739377
CA_1,HOBBIES_1_063_CA_1,11128,2.270559742806667
CA_1,HOBBIES_1_063_CA_1,11129,2.6036959352320603
CA_1,HOBBIES_1_063_CA_1,11130,6.382307552485323
CA_1,HOBBIES_1_064_CA_1,11101,7.727329043793498
CA_1,HOBBIES_1_064_CA_1,11102,10.844103537246676
CA_1,HOBBIES_1_064_CA_1,11103,15.443748575486245
CA_1,HOBBIES_1_064_CA_1,11104,3.0419847671457054
CA_1,HOBBIES_1_064_CA_1,11105,12.836089344072182
CA_1,HOBBIES_1_064_CA_1,11106,3.2911770203936963
CA_1,HOBBIES_1_064_CA_1,11107,10.582745633033772
CA_1,HOBBIES_1_064_CA_1,11108,14.218773667686584
CA_1,HOBBIES_1_064_CA_1,11109,10.082983919873374
CA_1,HOBBIES_1_064_CA_1,11110,7.5411936156708705
CA_1,HOBBIES_1_064_CA_1,11111,3.1458896082714993
CA_1,HOBBIES_1_064_CA_1,11112,6.827334077446646
CA_1,HOBBIES_1_064_CA_1,11113,3.8052296036127444
CA_1,HOBBIES_1_064_CA_1,11114,8.927101631379857
CA_1,HOBBIES_1_064_CA_1,11115,8.325861849041294
CA_1,HOBBIES_1_064_CA_1,11116,3.7104526120348966
CA_1,HOBBIES_1_064_CA_1,11117,3.7471091458935604
CA_1,HOBBIES_1_064_CA_1,11118,12.565531794199265
CA_1,HOBBIES_1_064_CA_1,11119,12.4397624035715
CA_1,HOBBIES_1_064_CA_1,11120,15.730409298157507
CA_1,HOBBIES_1_064_CA_1,11121,7.543828826793495
CA_1,HOBBIES_1_064_CA_1,11122,4.897019894634643
CA_1,HOBBIES_1_064_CA_1,11123,13.208532107577385
CA_1,HOBBIES_1_064_CA_1,11124,8.141401845590673
CA_1,HOBBIES_1_064_CA_1,11125,14.066872050914522
CA_1,HOBBIES_1_064_CA_1,11126,14.017983862895706
CA_1,HOBBIES_1_064_CA_1,11127,9.285287685346388
CA_1,HOBBIES_1_064_CA_1,11128,11.786943038594925
CA_1,HOBBIES_1_064_CA_1,11129,3.361700109344654
CA_1,HOBBIES_1_064_CA_1,11130,9.019780912223828
CA_1,HOBBIES_1_065_CA_1,11101,8.302004477020308
CA_1,HOBBIES_1_065_CA_1,11102,7.561146991575631
CA_1,HOBBIES_1_065_CA_1,11103,2.995017605522553
CA_1,HOBBIES_1_065_CA_1,11104,6.047713566056924
CA_1,HOBBIES_1_065_CA_1,11105,3.6017560709297474
CA_1,HOBBIES_1_065_CA_1,11106,5.591653805816302
CA_1,HOBBIES_1_065_CA_1,11107,15.413229018926966
CA_1,HOBBIES_1_065_CA_1,11108,9.74092165335471
CA_1,HOBBIES_1_065_CA_1,11109,9.502074341847186
CA_1,HOBBIES_1_065_CA_1,11110,15.597082303581363
CA_1,HOBBIES_1_065_CA_1,11111,11.879912582142973
CA_1,HOBBIES_1_065_CA_1,11112,13.357155124181068
CA_1,HOBBIES_1_065_CA_1,11113,4.871893655588109
CA_1,HOBBIES_1_065_CA_1,11114,4.413891771987806
CA_1,HOBBIES_1_065_CA_1,11115,4.333520848297691
CA_1,HOBBIES_1_065_CA_1,11116,11.427679249033767
CA_1,HOBBIES_1_065_CA_1,11117,5.4140158870154
CA_1,HOBBIES_1_065_CA_1,11118,14.006965174195376
CA_1,HOBBIES_1_065_CA_1,11119,9.870513302137754
CA_1,HOBBIES_1_065_CA_1,11120,7.330671616806951
CA_1,HOBBIES_1_065_CA_1,11121,8.297917654949382
CA_1,HOBBIES_1_065_CA_1,11122,4.402523223415424
CA_1,HOBBIES_1_065_CA_1,11123,9.82834479465608
CA_1,HOBBIES_1_065_CA_1,11124,11.747691805312328
CA_1,HOBBIES_1_065_CA_1,11125,12.448721451817102
CA_1,HOBBIES_1_065_CA_1,11126,15.430732572080846
CA_1,HOBBIES_1_065_CA_1,11127,4.528883482289172
CA_1,HOBBIES_1_065_CA_1,11128,15.87240467478445
CA_1,HOBBIES_1_065_CA_1,11129,12.64025260507754
CA_1,HOBBIES_1_065_CA_1,11130,14.457047735348068
CA_1,HOBBIES_1_066_CA_1,11101,13.310675404010825
CA_1,HOBBIES_1_066_CA_1,11102,11.776159404602135
CA_1,HOBBIES_1_066_CA_1,11103,11.686782482169491
CA_1,HOBBIES_1_066_CA_1,11104,3.437411757302647
CA_1,HOBBIES_1_066_CA_1,11105,7.928101151622675
CA_1,HOBBIES_1_066_CA_1,11106,9.300988694221129
CA_1,HOBBIES_1_066_CA_1,11107,9.391038721688629
CA_1,HOBBIES_1_066_CA_1,11108,9.721165063344285
CA_1,HOBBIES_1_066_CA_1,11109,6.2208807293424035
CA_1,HOBBIES_1_066_CA_1,11110,8.134998801425208
CA_1,HOBBIES_1_066_CA_1,11111,3.0684693838794814
CA_1,HOBBIES_1_066_CA_1,11112,7.01107313173037
CA_1,HOBBIES_1_066_CA_1,11113,14.70951756797092
CA_1,HOBBIES_1_066_CA_1,11114,11.641088556316522
CA_1,HOBBIES_1_066_CA_1,11115,13.246595408794038
CA_1,HOBBIES_1_066_CA_1,11116,9.288227569181297
CA_1,HOBBIES_1_066_CA_1,11117,13.673051099478458
CA_1,HOBBIES_1_066_CA_1,11118,7.413979501862363
CA_1,HOBBIES_1_066_CA_1,11119,8.423865071659453
CA_1,HOBBIES_1_066_CA_1,11120,7.952623547725061
CA_1,HOBBIES_1_066_CA_1,11121,14.338341938794189
CA_1,HOBBIES_1_066_CA_1,11122,8.448231049364074
CA_1,HOBBIES_1_066_CA_1,11123,6.621093592449655
CA_1,HOBBIES_1_066_CA_1,11124,6.911904482456828
CA_1,HOBBIES_1_066_CA_1,11125,13.757548808568389
CA_1,HOBBIES_1_066_CA_1,11126,15.306521886937402
CA_1,HOBBIES_1_066_CA_1,11127,6.719521528844463
CA_1,HOBBIES_1_066_CA_1,11128,6.3455081727606935
CA_1,HOBBIES_1_066_CA_1,11129,2.179923344942659
CA_1,HOBBIES_1_066_CA_1,11130,9.396761427722973
CA_1,HOBBIES_1_067_CA_1,11101,15.023886040129637
CA_1,HOBBIES_1_067_CA_1,11102,6.571291188075801
CA_1,HOBBIES_1_067_CA_1,11103,2.448073646583264
CA_1,HOBBIES_1_067_CA_1,11104,7.798393461459938
CA_1,HOBBIES_1_067_CA_1,11105,9.514566253638456
CA_1,HOBBIES_1_067_CA_1,11106,4.3802743164333195
CA_1,HOBBIES_1_067_CA_1,11107,15.266231238835305
CA_1,HOBBIES_1_067_CA_1,11108,5.454297433228813
CA_1,HOBBIES_1_067_CA_1,11109,6.70506297224555
CA_1,HOBBIES_1_067_CA_1,11110,6.967933567627388
CA_1,HOBBIES_1_067_CA_1,11111,13.653847347958628
CA_1,HOBBIES_1_067_CA_1,11112,15.640712481207073
CA_1,HOBBIES_1_067_CA_1,11113,12.01066117278915
CA_1,HOBBIES_1_067_CA_1,11114,6.321374100232788
CA_1,HOBBIES_1_067_CA_1,11115,14.466689293359497
CA_1,HOBBIES_1_067_CA_1,11116,13.004514593184885
CA_1,HOBBIES_1_067_CA_1,11117,7.846764633544087
CA_1,HOBBIES_1_067_CA_1,11118,14.753792214117675
CA_1,HOBBIES_1_067_CA_1,11119,15.89028484111459
CA_1,HOBBIES_1_067_CA_1,11120,6.301532464553545
CA_1,HOBBIES_1_067_CA_1,11121,14.34856206934013
CA_1,HOBBIES_1_067_CA_1,11122,11.990612541399514
CA_1,HOBBIES_1_067_CA_1,11123,8.138010637276873
CA_1,HOBBIES_1_067_CA_1,11124,12.408017510969245
CA_1,HOBBIES_1_067_CA_1,11125,13.012967284510534
CA_1,HOBBIES_1_067_CA_1,11126,9.355112878495344
CA_1,HOBBIES_1_067_CA_1,11127,15.661138261103659
CA_1,HOBBIES_1_067_CA_1,11128,3.3475982559898143
CA_1,HOBBIES_1_067_CA_1,11129,4.286529413616706
CA_1,HOBBIES_1_067_CA_1,11130,7.014313831700156
CA_1,HOBBIES_1_068_CA_1,11101,2.958576819827811
CA_1,HOBBIES_1_068_CA_1,11102,13.742781733541063
CA_1,HOBBIES_1_068_CA_1,11103,2.4318810009817895
CA_1,HOBBIES_1_068_CA_1,11104,15.030492880684957
CA_1,HOBBIES_1_068_CA_1,11105,2.8914550674775192
CA_1,HOBBIES_1_068_CA_1,11106,13.466348802363905
CA_1,HOBBIES_1_068_CA_1,11107,9.026754907143028
CA_1,HOBBIES_1_068_CA_1,11108,7.9097892345868885
CA_1,HOBBIES_1_068_CA_1,11109,9.282271742629556
CA_1,HOBBIES_1_068_CA_1,11110,4.948594591063354
CA_1,HOBBIES_1_068_CA_1,11111,3.532698256861375
CA_1,HOBBIES_1_068_CA_1,11112,4.666468392125916
CA_1,HOBBIES_1_068_CA_1,11113,10.074462497000255
CA_1,HOBBIES_1_068_CA_1,11114,7.0244366683256185
CA_1,HOBBIES_1_068_CA_1,11115,10.934422970431008
CA_1,HOBBIES_1_068_CA_1,11116,5.234934822767388
CA_1,HOBBIES_1_068_CA_1,11117,12.206592003415
CA_1,HOBBIES_1_068_CA_1,11118,15.122136595507149
CA_1,HOBBIES_1_068_CA_1,11119,10.538719691560656
CA_1,HOBBIES_1_068_CA_1,11120,11.530928019003236
CA_1,HOBBIES_1_068_CA_1,11121,4.540004891498414
CA_1,HOBBIES_1_068_CA_1,11122,9.113823002981231
CA_1,HOBBIES_1_068_CA_1,11123,4.900446232641289
CA_1,HOBBIES_1_068_CA_1,11124,8.248765711752988
CA_1,HOBBIES_1_068_CA_1,11125,7.817933113953959
CA_1,HOBBIES_1_068_CA_1,11126,12.528558236953728
CA_1,HOBBIES_1_068_CA_1,11127,14.426027728627073
CA_1,HOBBIES_1_068_CA_1,11128,2.4611113260272184
CA_1,HOBBIES_1_068_CA_1,11129,8.743649756358648
CA_1,HOBBIES_1_068_CA_1,11130,14.89975075414459
CA_1,HOBBIES_1_069_CA_1,11101,3.031889459261816
CA_1,HOBBIES_1_069_CA_1,11102,2.371452188402602
CA_1,HOBBIES_1_069_CA_1,11103,5.956501762002974
CA_1,HOBBIES_1_069_CA_1,11104,12.280837113308309
CA_1,HOBBIES_1_069_CA_1,11105,2.457047540547725
CA_1,HOBBIES_1_069_CA_1,11106,14.6045074349532
CA_1,HOBBIES_1_069_CA_1,11107,6.7514249256712535
CA_1,HOBBIES_1_069_CA_1,11108,11.770169883049274
CA_1,HOBBIES_1_069_CA_1,11109,11.128154395162259
CA_1,HOBBIES_1_069_CA_1,11110,6.089052252174584
CA_1,HOBBIES_1_069_CA_1,11111,10.982449544667714
CA_1,HOBBIES_1_069_CA_1,11112,13.024673685454506
CA_1,HOBBIES_1_069_CA_1,11113,3.6985325139787353
CA_1,HOBBIES_1_069_CA_1,11114,4.851718909710285
CA_1,HOBBIES_1_069_CA_1,11115,13.371125779292939
CA_1,HOBBIES_1_069_CA_1,11116,5.31593007248907
CA_1,HOBBIES_1_069_CA_1,11117,11.803602741097473
CA_1,HOBBIES_1_069_CA_1,11118,9.065989535373054
CA_1,HOBBIES_1_069_CA_1,11119,4.6860303833071155
CA_1,HOBBIES_1_069_CA_1,11120,12.940603513888078
CA_1,HOBBIES_1_069_CA_1,11121,6.958582005854882
CA_1,HOBBIES_1_069_CA_1,11122,2.6508859108778724
CA_1,HOBBIES_1_069_CA_1,11123,13.617783405518416
CA_1,HOBBIES_1_069_CA_1,11124,2.0819631728897194
CA_1,HOBBIES_1_069_CA_1,11125,6.411498780657181
CA_1,HOBBIES_1_069_CA_1,11126,14.83660992036658
CA_1,HOBBIES_1_069_CA_1,11127,13.022859736691375
CA_1,HOBBIES_1_069_CA_1,11128,9.549236139764005
CA_1,HOBBIES_1_069_CA_1,11129,8.39485019485937
CA_1,HOBBIES_1_069_CA_1,11130,11.039730371978015
CA_1,HOBBIES_1_070_CA_1,11101,2.387634704984186
CA_1,HOBBIES_1_070_CA_1,11102,3.44477234623238
CA_1,HOBBIES_1_070_CA_1,11103,5.419468796144028
CA_1,HOBBIES_1_070_CA_1,11104,7.462765587963727
CA_1,HOBBIES_1_070_CA_1,11105,11.679428657831199
CA_1,HOBBIES_1_070_CA_1,11106,10.871703853912873
CA_1,HOBBIES_1_070_CA_1,11107,9.358498766111609
CA_1,HOBBIES_1_070_CA_1,11108,9.988489191792853
CA_1,HOBBIES_1_070_CA_1,11109,6.953495363411626
CA_1,HOBBIES_1_070_CA_1,11110,7.595626552850714
CA_1,HOBBIES_1_070_CA_1,11111,2.378036431391898
CA_1,HOBBIES_1_070_CA_1,11112,12.189503843307902
CA_1,HOBBIES_1_070_CA_1,11113,5.556299985472857
CA_1,HOBBIES_1_070_CA_1,11114,11.98515178591493
CA_1,HOBBIES_1_070_CA_1,11115,3.558074071652208
CA_1,HOBBIES_1_070_CA_1,11116,5.563661322654035
CA_1,HOBBIES_1_070_CA_1,11117,5.0877420669659585
CA_1,HOBBIES_1_070_CA_1,11118,6.035946200394049
CA_1,HOBBIES_1_070_CA_1,11119,5.4396595445686895
CA_1,HOBBIES_1_070_CA_1,11120,11.989884707564586
CA_1,HOBBIES_1_070_CA_1,11121,10.860036200072244
CA_1,HOBBIES_1_070_CA_1,11122,8.89561449260559
CA_1,HOBBIES_1_070_CA_1,11123,14.83568057283955
CA_1,HOBBIES_1_070_CA_1,11124,7.955763758698766
CA_1,HOBBIES_1_070_CA_1,11125,15.238835828768618
CA_1,HOBBIES_1_070_CA_1,11126,11.899529420131671
CA_1,HOBBIES_1_070_CA_1,11127,9.626092776096465
CA_1,HOBBIES_1_070_CA_1,11128,9.239746561278364
CA_1,HOBBIES_1_070_CA_1,11129,15.983426984853711
CA_1,HOBBIES_1_070_CA_1,11130,8.228591099084245
CA_1,HOBBIES_1_071_CA_1,11101,13.802458733155397
CA_1,HOBBIES_1_071_CA_1,11102,5.152110693109194
CA_1,HOBBIES_1_071_CA_1,11103,2.7596598579378817
CA_1,HOBBIES_1_071_CA_1,11104,10.772226271066561
CA_1,HOBBIES_1_071_CA_1,11105,2.428783475352545
CA_1,HOBBIES_1_071_CA_1,11106,14.87233164343592
CA_1,HOBBIES_1_071_CA_1,11107,12.908476283751092
CA_1,HOBBIES_1_071_CA_1,11108,4.473377197608393
CA_1,HOBBIES_1_071_CA_1,11109,11.176464597987726
CA_1,HOBBIES_1_071_CA_1,11110,13.631099913264418
CA_1,HOBBIES_1_071_CA_1,11111,5.9540278637899915
CA_1,HOBBIES_1_071_CA_1,11112,6.0972986800663
CA_1,HOBBIES_1_071_CA_1,11113,7.240365593111447
CA_1,HOBBIES_1_071_CA_1,11114,4.195248913948848
CA_1,HOBBIES_1_071_CA_1,11115,2.1197095762356737
CA_1,HOBBIES_1_071_CA_1,11116,5.394914290079961
CA_1,HOBBIES_1_071_CA_1,11117,2.9145224719725533
CA_1,HOBBIES_1_071_CA_1,11118,4.233381412911884
CA_1,HOBBIES_1_071_CA_1,11119,4.11732105337705
CA_1,HOBBIES_1_071_CA_1,11120,7.236825548499593
CA_1,HOBBIES_1_071_CA_1,11121,6.8394502972015765
CA_1,HOBBIES_1_071_CA_1,11122,7.52816832685458
CA_1,HOBBIES_1_071_CA_1,11123,14.742403739327019
CA_1,HOBBIES_1_071_CA_1,11124,2.2111582227507207
CA_1,HOBBIES_1_071_CA_1,11125,12.753416194423433
CA_1,HOBBIES_1_071_CA_1,11126,8.62542057789427
CA_1,HOBBIES_1_071_CA_1,11127,10.202430708769223
CA_1,HOBBIES_1_071_CA_1,11128,4.706340326434432
CA_1,HOBBIES_1_071_CA_1,11129,3.517692175189592
CA_1,HOBBIES_1_071_CA_1,11130,3.7556368273122667
CA_1,HOBBIES_1_072_CA_1,11101,15.380694539025326
CA_1,HOBBIES_1_072_CA_1,11102,13.556186827307636
CA_1,HOBBIES_1_072_CA_1,11103,14.70112356741125
CA_1,HOBBIES_1_072_CA_1,11104,15.976500466934667
CA_1,HOBBIES_1_072_CA_1,11105,9.867415172397822
CA_1,HOBBIES_1_072_CA_1,11106,10.89915563917304
CA_1,HOBBIES_1_072_CA_1,11107,12.302093590220771
CA_1,HOBBIES_1_072_CA_1,11108,3.39213249831673
CA_1,HOBBIES_1_072_CA_1,11109,13.127089057356004
CA_1,HOBBIES_1_072_CA_1,11110,4.964836256525183
CA_1,HOBBIES_1_072_CA_1,11111,7.991849066895073
CA_1,HOBBIES_1_072_CA_1,11112,15.72022346008188
CA_1,HOBBIES_1_072_CA_1,11113,10.33465216343092
CA_1,HOBBIES_1_072_CA_1,11114,14.442723227581867
CA_1,HOBBIES_1_072_CA_1,11115,6.838096031728313
CA_1,HOBBIES_1_072_CA_1,11116,3.440113837628151
CA_1,HOBBIES_1_072_CA_1,11117,2.3628302250000415
CA_1,HOBBIES_1_072_CA_1,11118,6.70622195110307
CA_1,HOBBIES_1_072_CA_1,11119,3.0713560226955328
CA_1,HOBBIES_1_072_CA_1,11120,15.44756711404108
CA_1,HOBBIES_1_072_CA_1,11121,4.356684484466811
CA_1,HOBBIES_1_072_CA_1,11122,14.936254008004212
CA_1,HOBBIES_1_072_CA_1,11123,9.642739355404848
CA_1,HOBBIES_1_072_CA_1,11124,3.000428938611518
CA_1,HOBBIES_1_072_CA_1,11125,11.449879487591256
CA_1,HOBBIES_1_072_CA_1,11126,11.210439398743436
CA_1,HOBBIES_1_072_CA_1,11127,5.7610020443201755
CA_1,HOBBIES_1_072_CA_1,11128,13.487307801480826
CA_1,HOBBIES_1_072_CA_1,11129,2.0651928366622148
CA_1,HOBBIES_1_072_CA_1,11130,12.348921395005538
CA_1,HOBBIES_1_073_CA_1,11101,2.480461325533319
CA_1,HOBBIES_1_073_CA_1,11102,10.303468651823101
CA_1,HOBBIES_1_073_CA_1,11103,8.04505217668661
CA_1,HOBBIES_1_073_CA_1,11104,3.1790160457268617
CA_1,HOBBIES_1_073_CA_1,11105,6.268324175644032
CA_1,HOBBIES_1_073_CA_1,11106,2.978533477965652
CA_1,HOBBIES_1_073_CA_1,11107,2.3022874800044737
CA_1,HOBBIES_1_073_CA_1,11108,2.166603883731945
CA_1,HOBBIES_1_073_CA_1,11109,4.83502860133888
CA_1,HOBBIES_1_073_CA_1,11110,12.579937996057009
CA_1,HOBBIES_1_073_CA_1,11111,14.658129497457242
CA_1,HOBBIES_1_073_CA_1,11112,10.176968899420372
CA_1,HOBBIES_1_073_CA_1,11113,2.9125308887760277
CA_1,HOBBIES_1_073_CA_1,11114,6.854127453447642
CA_1,HOBBIES_1_073_CA_1,11115,12.134661000017902
CA_1,HOBBIES_1_073_CA_1,11116,6.880568512646136
CA_1,HOBBIES_1_073_CA_1,11117,10.001560395413975
CA_1,HOBBIES_1_073_CA_1,11118,6.465382387645878
CA_1,HOBBIES_1_073_CA_1,11119,11.06103350629441
CA_1,HOBBIES_1_073_CA_1,11120,3.473352614337985
CA_1,HOBBIES_1_073_CA_1,11121,6.073812149378733
CA_1,HOBBIES_1_073_CA_1,11122,11.694168722784056
CA_1,HOBBIES_1_073_CA_1,11123,9.932799815776825
CA_1,HOBBIES_1_073_CA_1,11124,4.587245362904228
CA_1,HOBBIES_1_073_CA_1,11125,12.846045882660636
CA_1,HOBBIES_1_073_CA_1,11126,10.171882311010632
CA_1,HOBBIES_1_073_CA_1,11127,12.643900408981905
CA_1,HOBBIES_1_073_CA_1,11128,6.1876036806245365
CA_1,HOBBIES_1_073_CA_1,11129,14.124746789241893
CA_1,HOBBIES_1_073_CA_1,11130,5.374457973594956
CA_1,HOBBIES_1_074_CA_1,11101,14.540589926109666
CA_1,HOBBIES_1_074_CA_1,11102,14.59452698616132
CA_1,HOBBIES_1_074_CA_1,11103,4.635132580694819
CA_1,HOBBIES_1_074_CA_1,11104,14.414334564057791
CA_1,HOBBIES_1_074_CA_1,11105,4.610750717517269
CA_1,HOBBIES_1_074_CA_1,11106,13.923258463754705
CA_1,HOBBIES_1_074_CA_1,11107,11.554532048666227
CA_1,HOBBIES_1_074_CA_1,11108,4.6847735041332585
CA_1,HOBBIES_1_074_CA_1,11109,4.788971081183715
CA_1,HOBBIES_1_074_CA_1,11110,6.831220069052042
CA_1,HOBBIES_1_074_CA_1,11111,15.788957276619405
CA_1,HOBBIES_1_074_CA_1,11112,6.064051862228359
CA_1,HOBBIES_1_074_CA_1,11113,13.367469571792112
CA_1,HOBBIES_1_074_CA_1,11114,15.82813570718662
CA_1,HOBBIES_1_074_CA_1,11115,15.715269522854351
CA_1,HOBBIES_1_074_CA_1,11116,3.2186728138394165
CA_1,HOBBIES_1_074_CA_1,11117,10.815284959847345
CA_1,HOBBIES_1_074_CA_1,11118,12.423319607364599
CA_1,HOBBIES_1_074_CA_1,11119,2.0975004281442082
CA_1,HOBBIES_1_074_CA_1,11120,10.648299501209204
CA_1,HOBBIES_1_074_CA_1,11121,15.239965207892045
CA_1,HOBBIES_1_074_CA_1,11122,12.212146725203077
CA_1,HOBBIES_1_074_CA_1,11123,14.399422231542218
CA_1,HOBBIES_1_074_CA_1,11124,10.549789558549445
CA_1,HOBBIES_1_074_CA_1,11125,13.54874994861044
CA_1,HOBBIES_1_074_CA_1,11126,2.6854899489526756
CA_1,HOBBIES_1_074_CA_1,11127,3.181405287428569
CA_1,HOBBIES_1_074_CA_1,11128,4.946488087118213
CA_1,HOBBIES_1_074_CA_1,11129,7.449291127071204
CA_1,HOBBIES_1_074_CA_1,11130,4.152137381419004
CA_1,HOBBIES_1_075_CA_1,11101,4.810742892405237
CA_1,HOBBIES_1_075_CA_1,11102,11.571916875417168
CA_1,HOBBIES_1_075_CA_1,11103,15.2606856452655
CA_1,HOBBIES_1_075_CA_1,11104,5.214342319867632
CA_1,HOBBIES_1_075_CA_1,11105,11.938643766664116
CA_1,HOBBIES_1_075_CA_1,11106,3.3561630937755034
CA_1,HOBBIES_1_075_CA_1,11107,2.4194193220634075
CA_1,HOBBIES_1_075_CA_1,11108,2.9762862330775826
CA_1,HOBBIES_1_075_CA_1,11109,10.68771527357192
CA_1,HOBBIES_1_075_CA_1,11110,5.97446479463258
CA_1,HOBBIES_1_075_CA_1,11111,9.163938934556079
CA_1,HOBBIES_1_075_CA_1,11112,15.297107562402859
CA_1,HOBBIES_1_075_CA_1,11113,6.67706193476911
CA_1,HOBBIES_1_075_CA_1,11114,15.264745723039743
CA_1,HOBBIES_1_075_CA_1,11115,13.749192084453863
CA_1,HOBBIES_1_075_CA_1,11116,5.24045242344995
CA_1,HOBBIES_1_075_CA_1,11117,4.2962186936916344
CA_1,HOBBIES_1_075_CA_1,11118,14.19191870903009
CA_1,HOBBIES_1_075_CA_1,11119,2.5359734986604936
CA_1,HOBBIES_1_075_CA_1,11120,2.6129768305988836
CA_1,HOBBIES_1_075_CA_1,11121,2.8625698431396733
CA_1,HOBBIES_1_075_CA_1,11122,2.050795833871014
CA_1,HOBBIES_1_075_CA_1,11123,4.716766103872622
CA_1,HOBBIES_1_075_CA_1,11124,11.60168321428451
CA_1,HOBBIES_1_075_CA_1,11125,7.93436607893026
CA_1,HOBBIES_1_075_CA_1,11126,4.797280909981866
CA_1,HOBBIES_1_075_CA_1,11127,7.191537606708577
CA_1,HOBBIES_1_075_CA_1,11128,8.040215661767617
CA_1,HOBBIES_1_075_CA_1,11129,6.039399463724312
CA_1,HOBBIES_1_075_CA_1,11130,10.797322509267994
CA_1,HOBBIES_1_076_CA_1,11101,12.35198857942211
CA_1,HOBBIES_1_076_CA_1,11102,10.326215584627406
CA_1,HOBBIES_1_076_CA_1,11103,15.357596809853801
CA_1,HOBBIES_1_076_CA_1,11104,10.794386309220421
CA_1,HOBBIES_1_076_CA_1,11105,12.944721910699803
CA_1,HOBBIES_1_076_CA_1,11106,7.758434735202652
CA_1,HOBBIES_1_076_CA_1,11107,9.427577903685359
CA_1,HOBBIES_1_076_CA_1,11108,4.673796769870433
CA_1,HOBBIES_1_076_CA_1,11109,2.583098752227489
CA_1,HOBBIES_1_076_CA_1,11110,4.43632507781383
CA_1,HOBBIES_1_076_CA_1,11111,5.663154142209269
CA_1,HOBBIES_1_076_CA_1,11112,5.26124912863583
CA_1,HOBBIES_1_076_CA_1,11113,4.674282236807265
CA_1,HOBBIES_1_076_CA_1,11114,5.940870305709309
CA_1,HOBBIES_1_076_CA_1,11115,6.964030206435762
CA_1,HOBBIES_1_076_CA_1,11116,3.6093535306938307
CA_1,HOBBIES_1_076_CA_1,11117,2.2671707852958196
CA_1,HOBBIES_1_076_CA_1,11118,15.048280282699208
CA_1,HOBBIES_1_076_CA_1,11119,14.68113879589083
CA_1,HOBBIES_1_076_CA_1,11120,12.691616827949632
CA_1,HOBBIES_1_076_CA_1,11121,12.890796706668011
CA_1,HOBBIES_1_076_CA_1,11122,15.141298318293293
CA_1,HOBBIES_1_076_CA_1,11123,10.164469208678703
CA_1,HOBBIES_1_076_CA_1,11124,3.7471551526473057
CA_1,HOBBIES_1_076_CA_1,11125,3.673986191099161
CA_1,HOBBIES_1_076_CA_1,11126,8.387699606565299
CA_1,HOBBIES_1_076_CA_1,11127,8.277484101205198
CA_1,HOBBIES_1_076_CA_1,11128,2.3278057045793803
CA_1,HOBBIES_1_076_CA_1,11129,7.884383498119655
CA_1,HOBBIES_1_076_CA_1,11130,7.814432415538282
CA_1,HOBBIES_1_077_CA_1,11101,11.31472427026205
CA_1,HOBBIES_1_077_CA_1,11102,15.985692539370598
CA_1,HOBBIES_1_077_CA_1,11103,14.748014465383816
CA_1,HOBBIES_1_077_CA_1,11104,14.197436331853236
CA_1,HOBBIES_1_077_CA_1,11105,2.2239178424472437
CA_1,HOBBIES_1_077_CA_1,11106,5.189662792825574
CA_1,HOBBIES_1_077_CA_1,11107,15.255256031196195
CA_1,HOBBIES_1_077_CA_1,11108,10.862385466338493
CA_1,HOBBIES_1_077_CA_1,11109,11.53974633821446
CA_1,HOBBIES_1_077_CA_1,11110,12.99095864076162
CA_1,HOBBIES_1_077_CA_1,11111,8.329770645480862
CA_1,HOBBIES_1_077_CA_1,11112,12.37311081741497
CA_1,HOBBIES_1_077_CA_1,11113,3.972684730696457
CA_1,HOBBIES_1_077_CA_1,11114,2.6916937209733165
CA_1,HOBBIES_1_077_CA_1,11115,14.056230240348004
CA_1,HOBBIES_1_077_CA_1,11116,6.158896872007583
CA_1,HOBBIES_1_077_CA_1,11117,15.083892138749386
CA_1,HOBBIES_1_077_CA_1,11118,12.30652494989568
CA_1,HOBBIES_1_077_CA_1,11119,15.986022921852344
CA_1,HOBBIES_1_077_CA_1,11120,11.185963586735047
CA_1,HOBBIES_1_077_CA_1,11121,3.6709303116775436
CA_1,HOBBIES_1_077_CA_1,11122,4.66759931492394
CA_1,HOBBIES_1_077_CA_1,11123,8.479698945853244
CA_1,HOBBIES_1_077_CA_1,11124,13.679685411712013
CA_1,HOBBIES_1_077_CA_1,11125,14.893490326918469
CA_1,HOBBIES_1_077_CA_1,11126,5.65490438213126
CA_1,HOBBIES_1_077_CA_1,11127,7.2871778282509645
CA_1,HOBBIES_1_077_CA_1,11128,10.570461365986263
CA_1,HOBBIES_1_077_CA_1,11129,4.803344517454123
CA_1,HOBBIES_1_077_CA_1,11130,3.1567777784357482
CA_1,HOBBIES_1_078_CA_1,11101,12.828021606980771
CA_1,HOBBIES_1_078_CA_1,11102,10.011095567188534
CA_1,HOBBIES_1_078_CA_1,11103,15.278688893518636
CA_1,HOBBIES_1_078_CA_1,11104,1.9909372833208543
CA_1,HOBBIES_1_078_CA_1,11105,6.346782412147157
CA_1,HOBBIES_1_078_CA_1,11106,8.119650576037737
CA_1,HOBBIES_1_078_CA_1,11107,11.477408257579196
CA_1,HOBBIES_1_078_CA_1,11108,12.645451947101071
CA_1,HOBBIES_1_078_CA_1,11109,7.749985293899139
CA_1,HOBBIES_1_078_CA_1,11110,6.088527834136871
CA_1,HOBBIES_1_078_CA_1,11111,11.766695326382964
CA_1,HOBBIES_1_078_CA_1,11112,12.015732143472198
CA_1,HOBBIES_1_078_CA_1,11113,9.35004944941717
CA_1,HOBBIES_1_078_CA_1,11114,12.169850604498622
CA_1,HOBBIES_1_078_CA_1,11115,6.57247954314052
CA_1,HOBBIES_1_078_CA_1,11116,6.656669983355802
CA_1,HOBBIES_1_078_CA_1,11117,11.822865675419584
CA_1,HOBBIES_1_078_CA_1,11118,7.086566563714067
CA_1,HOBBIES_1_078_CA_1,11119,9.905372918000323
CA_1,HOBBIES_1_078_CA_1,11120,15.882175424780451
CA_1,HOBBIES_1_078_CA_1,11121,12.375387997179049
CA_1,HOBBIES_1_078_CA_1,11122,12.097280116925905
CA_1,HOBBIES_1_078_CA_1,11123,9.694345489653802
CA_1,HOBBIES_1_078_CA_1,11124,13.106128737911382
CA_1,HOBBIES_1_078_CA_1,11125,6.376502695170643
CA_1,HOBBIES_1_078_CA_1,11126,7.285408779219069
CA_1,HOBBIES_1_078_CA_1,11127,11.569768087386581
CA_1,HOBBIES_1_078_CA_1,11128,9.721397957769758
CA_1,HOBBIES_1_078_CA_1,11129,5.190039240679708
CA_1,HOBBIES_1_078_CA_1,11130,11.247758332945773
CA_1,HOBBIES_1_079_CA_1,11101,9.452109627796116
CA_1,HOBBIES_1_079_CA_1,11102,15.348811975648452
CA_1,HOBBIES_1_079_CA_1,11103,15.28139229524518
CA_1,HOBBIES_1_079_CA_1,11104,12.801309633224085
CA_1,HOBBIES_1_079_CA_1,11105,13.720764555158938
CA_1,HOBBIES_1_079_CA_1,11106,14.337152741143306
CA_1,HOBBIES_1_079_CA_1,11107,8.951933726098508
CA_1,HOBBIES_1_079_CA_1,11108,3.521037589442721
CA_1,HOBBIES_1_079_CA_1,11109,4.362797057615017
CA_1,HOBBIES_1_079_CA_1,11110,14.685252012925817
CA_1,HOBBIES_1_079_CA_1,11111,12.924289941023238
CA_1,HOBBIES_1_079_CA_1,11112,6.152918060361914
CA_1,HOBBIES_1_079_CA_1,11113,14.018044024742187
CA_1,HOBBIES_1_079_CA_1,11114,3.059385045029548
CA_1,HOBBIES_1_079_CA_1,11115,4.518961790762923
CA_1,HOBBIES_1_079_CA_1,11116,10.132430914552739
CA_1,HOBBIES_1_079_CA_1,11117,7.316760484501557
CA_1,HOBBIES_1_079_CA_1,11118,6.9758243842935945
CA_1,HOBBIES_1_079_CA_1,11119,5.897638658053769
CA_1,HOBBIES_1_079_CA_1,11120,15.35530843473556
CA_1,HOBBIES_1_079_CA_1,11121,15.79902321085521
CA_1,HOBBIES_1_079_CA_1,11122,14.985346780044004
CA_1,HOBBIES_1_079_CA_1,11123,13.615493359599803
CA_1,HOBBIES_1_079_CA_1,11124,8.600313908733893
CA_1,HOBBIES_1_079_CA_1,11125,6.1859387114691256
CA_1,HOBBIES_1_079_CA_1,11126,15.5188722046571
CA_1,HOBBIES_1_079_CA_1,11127,14.396187618443415
CA_1,HOBBIES_1_079_CA_1,11128,3.810464521843526
CA_1,HOBBIES_1_079_CA_1,11129,14.20096770954843
CA_1,HOBBIES_1_079_CA_1,11130,5.88035357009326
CA_1,HOBBIES_1_080_CA_1,11101,6.459798400290803
CA_1,HOBBIES_1_080_CA_1,11102,4.467641700980602
CA_1,HOBBIES_1_080_CA_1,11103,4.244370475778869
CA_1,HOBBIES_1_080_CA_1,11104,10.315814383481658
CA_1,HOBBIES_1_080_CA_1,11105,13.44125038250343
CA_1,HOBBIES_1_080_CA_1,11106,8.618122365768938
CA_1,HOBBIES_1_080_CA_1,11107,4.738395158702344
CA_1,HOBBIES_1_080_CA_1,11108,13.352849842768695
CA_1,HOBBIES_1_080_CA_1,11109,9.271930891131879
CA_1,HOBBIES_1_080_CA_1,11110,6.321534432920264
CA_1,HOBBIES_1_080_CA_1,11111,13.35737970268426
CA_1,HOBBIES_1_080_CA_1,11112,12.674127346838786
CA_1,HOBBIES_1_080_CA_1,11113,8.651912496403238
CA_1,HOBBIES_1_080_CA_1,11114,11.049267308181344
CA_1,HOBBIES_1_080_CA_1,11115,13.5503448487431
CA_1,HOBBIES_1_080_CA_1,11116,13.610883701718203
CA_1,HOBBIES_1_080_CA_1,11117,13.450484286391548
CA_1,HOBBIES_1_080_CA_1,11118,13.733874236286546
CA_1,HOBBIES_1_080_CA_1,11119,12.789836144974537
CA_1,HOBBIES_1_080_CA_1,11120,15.80132457662767
CA_1,HOBBIES_1_080_CA_1,11121,12.92683033331703
CA_1,HOBBIES_1_080_CA_1,11122,8.323739048057572
CA_1,HOBBIES_1_080_CA_1,11123,10.186186914800784
CA_1,HOBBIES_1_080_CA_1,11124,15.282371144596429
CA_1,HOBBIES_1_080_CA_1,11125,4.268880826264819
CA_1,HOBBIES_1_080_CA_1,11126,4.2508497376136045
CA_1,HOBBIES_1_080_CA_1,11127,12.029057216861931
CA_1,HOBBIES_1_080_CA_1,11128,13.001028039733688
CA_1,HOBBIES_1_080_CA_1,11129,15.959168065541407
CA_1,HOBBIES_1_080_CA_1,11130,14.184185171009434
CA_1,HOBBIES_1_081_CA_1,11101,10.571853864133535
CA_1,HOBBIES_1_081_CA_1,11102,4.611344523719615
CA_1,HOBBIES_1_081_CA_1,11103,9.43312966935115
CA_1,HOBBIES_1_081_CA_1,11104,2.375188586858944
CA_1,HOBBIES_1_081_CA_1,11105,7.978843568313115
CA_1,HOBBIES_1_081_CA_1,11106,6.7178289919662815
CA_1,HOBBIES_1_081_CA_1,11107,2.3520390810948157
CA_1,HOBBIES_1_081_CA_1,11108,13.826719827993989
CA_1,HOBBIES_1_081_CA_1,11109,6.909297540001889
CA_1,HOBBIES_1_081_CA_1,11110,2.4727534682443233
CA_1,HOBBIES_1_081_CA_1,11111,3.839078266985591
CA_1,HOBBIES_1_081_CA_1,11112,5.5385293774631235
CA_1,HOBBIES_1_081_CA_1,11113,15.340299177298148
CA_1,HOBBIES_1_081_CA_1,11114,14.742287643803827
CA_1,HOBBIES_1_081_CA_1,11115,13.40370020692942
CA_1,HOBBIES_1_081_CA_1,11116,14.893535463225243
CA_1,HOBBIES_1_081_CA_1,11117,13.160035163208622
CA_1,HOBBIES_1_081_CA_1,11118,9.919433845272739
CA_1,HOBBIES_1_081_CA_1,11119,12.018436413926844
CA_1,HOBBIES_1_081_CA_1,11120,11.638152750660275
CA_1,HOBBIES_1_081_CA_1,11121,8.051790852829855
CA_1,HOBBIES_1_081_CA_1,11122,15.474528575867405
CA_1,HOBBIES_1_081_CA_1,11123,14.345991506132675
CA_1,HOBBIES_1_081_CA_1,11124,7.155671231097828
CA_1,HOBBIES_1_081_CA_1,11125,8.341307219313846
CA_1,HOBBIES_1_081_CA_1,11126,9.077762350567857
CA_1,HOBBIES_1_081_CA_1,11127,8.95932648552369
CA_1,HOBBIES_1_081_CA_1,11128,3.126650243668132
CA_1,HOBBIES_1_081_CA_1,11129,15.740663330885257
CA_1,HOBBIES_1_081_CA_1,11130,10.767633264611412
CA_1,HOBBIES_1_082_CA_1,11101,15.494347326706732
CA_1,HOBBIES_1_082_CA_1,11102,8.95026398868077
CA_1,HOBBIES_1_082_CA_1,11103,8.565937230772159
CA_1,HOBBIES_1_082_CA_1,11104,3.437028048613831
CA_1,HOBBIES_1_082_CA_1,11105,15.949003540368139
CA_1,HOBBIES_1_082_CA_1,11106,3.923391207315487
CA_1,HOBBIES_1_082_CA_1,11107,11.211593810250267
CA_1,HOBBIES_1_082_CA_1,11108,7.802402629526725
CA_1,HOBBIES_1_082_CA_1,11109,12.374450944175216
CA_1,HOBBIES_1_082_CA_1,11110,7.764877008086927
CA_1,HOBBIES_1_082_CA_1,11111,11.47931394964794
CA_1,HOBBIES_1_082_CA_1,11112,4.61354668844979
CA_1,HOBBIES_1_082_CA_1,11113,10.374880391571699
CA_1,HOBBIES_1_082_CA_1,11114,14.980958038533782
CA_1,HOBBIES_1_082_CA_1,11115,13.669881720021552
CA_1,HOBBIES_1_082_CA_1,11116,3.6265563919484944
CA_1,HOBBIES_1_082_CA_1,11117,13.361403865325306
CA_1,HOBBIES_1_082_CA_1,11118,13.929460958149958
CA_1,HOBBIES_1_082_CA_1,11119,7.541858076951348
CA_1,HOBBIES_1_082_CA_1,11120,12.42227030203682
CA_1,HOBBIES_1_082_CA_1,11121,13.797676765423637
CA_1,HOBBIES_1_082_CA_1,11122,5.284443131223092
CA_1,HOBBIES_1_082_CA_1,11123,2.1364343907352
CA_1,HOBBIES_1_082_CA_1,11124,12.299558966819937
CA_1,HOBBIES_1_082_CA_1,11125,14.879103641471579
CA_1,HOBBIES_1_082_CA_1,11126,14.434713833345677
CA_1,HOBBIES_1_082_CA_1,11127,14.53981679369832
CA_1,HOBBIES_1_082_CA_1,11128,4.233100736174478
CA_1,HOBBIES_1_082_CA_1,11129,11.099162478248305
CA_1,HOBBIES_1_082_CA_1,11130,15.269180901224763
CA_1,HOBBIES_1_083_CA_1,11101,5.617955761754083
CA_1,HOBBIES_1_083_CA_1,11102,5.463416019685238
CA_1,HOBBIES_1_083_CA_1,11103,8.504966375449042
CA_1,HOBBIES_1_083_CA_1,11104,5.653529941287167
CA_1,HOBBIES_1_083_CA_1,11105,5.211565391503399
CA_1,HOBBIES_1_083_CA_1,11106,9.258911366524519
CA_1,HOBBIES_1_083_CA_1,11107,8.294103813988738
CA_1,HOBBIES_1_083_CA_1,11108,14.160892670403546
CA_1,HOBBIES_1_083_CA_1,11109,9.611781319354078
CA_1,HOBBIES_1_083_CA_1,11110,9.890643112820065
CA_1,HOBBIES_1_083_CA_1,11111,15.963533938508872
CA_1,HOBBIES_1_083_CA_1,11112,15.587659652175958
CA_1,HOBBIES_1_083_CA_1,11113,7.524671659090993
CA_1,HOBBIES_1_083_CA_1,11114,9.267655437942603
CA_1,HOBBIES_1_083_CA_1,11115,12.487365454875187
CA_1,HOBBIES_1_083_CA_1,11116,3.494965845564251
CA_1,HOBBIES_1_083_CA_1,11117,12.777832604847918
CA_1,HOBBIES_1_083_CA_1,11118,5.989990458981589
CA_1,HOBBIES_1_083_CA_1,11119,14.176857434671218
CA_1,HOBBIES_1_083_CA_1,11120,15.43885019056707
CA_1,HOBBIES_1_083_CA_1,11121,13.050772816232515
CA_1,HOBBIES_1_083_CA_1,11122,5.007307624041657
CA_1,HOBBIES_1_083_CA_1,11123,12.648071183757168
CA_1,HOBBIES_1_083_CA_1,11124,14.204021298563722
CA_1,HOBBIES_1_083_CA_1,11125,5.123117122387044
CA_1,HOBBIES_1_083_CA_1,11126,3.1111476616617857
CA_1,HOBBIES_1_083_CA_1,11127,2.747848323906707
CA_1,HOBBIES_1_083_CA_1,11128,4.668421827493272
CA_1,HOBBIES_1_083_CA_1,11129,4.433576988211002
CA_1,HOBBIES_1_083_CA_1,11130,5.039648018110072
CA_1,HOBBIES_1_084_CA_1,11101,11.655241963385738
CA_1,HOBBIES_1_084_CA_1,11102,11.185329878836244
CA_1,HOBBIES_1_084_CA_1,11103,3.356623248685075
CA_1,HOBBIES_1_084_CA_1,11104,4.085990223756758
CA_1,HOBBIES_1_084_CA_1,11105,9.199378649767208
CA_1,HOBBIES_1_084_CA_1,11106,3.223822292373767
CA_1,HOBBIES_1_084_CA_1,11107,10.295795558123976
CA_1,HOBBIES_1_084_CA_1,11108,9.84076983642259
CA_1,HOBBIES_1_084_CA_1,11109,7.754901572280126
CA_1,HOBBIES_1_084_CA_1,11110,6.321881093416899
CA_1,HOBBIES_1_084_CA_1,11111,3.003354880802932
CA_1,HOBBIES_1_084_CA_1,11112,5.687814950860935
CA_1,HOBBIES_1_084_CA_1,11113,5.523109517564823
CA_1,HOBBIES_1_084_CA_1,11114,9.602403455668377
CA_1,HOBBIES_1_084_CA_1,11115,11.553835792000935
CA_1,HOBBIES_1_084_CA_1,11116,14.563976058507556
CA_1,HOBBIES_1_084_CA_1,11117,2.0364219012759053
CA_1,HOBBIES_1_084_CA_1,11118,10.929787771435478
CA_1,HOBBIES_1_084_CA_1,11119,3.3233210756337037
CA_1,HOBBIES_1_084_CA_1,11120,10.427294043231976
CA_1,HOBBIES_1_084_CA_1,11121,3.99499182336352
CA_1,HOBBIES_1_084_CA_1,11122,7.1222197583561435
CA_1,HOBBIES_1_084_CA_1,11123,14.679900291235205
CA_1,HOBBIES_1_084_CA_1,11124,8.252831709517896
CA_1,HOBBIES_1_084_CA_1,11125,12.593705922469786
CA_1,HOBBIES_1_084_CA_1,11126,11.915731969136848
CA_1,HOBBIES_1_084_CA_1,11127,12.794417935180231
CA_1,HOBBIES_1_084_CA_1,11128,6.558823262148328
CA_1,HOBBIES_1_084_CA_1,11129,12.785954786329095
CA_1,HOBBIES_1_084_CA_1,11130,4.278923316052729
CA_1,HOBBIES_1_085_CA_1,11101,15.47819911358805
CA_1,HOBBIES_1_085_CA_1,11102,11.729754283243516
CA_1,HOBBIES_1_085_CA_1,11103,11.0587698392091
CA_1,HOBBIES_1_085_CA_1,11104,4.701670946154288
CA_1,HOBBIES_1_085_CA_1,11105,9.002279255696516
CA_1,HOBBIES_1_085_CA_1,11106,4.062947280597111
CA_1,HOBBIES_1_085_CA_1,11107,5.57428026091101
CA_1,HOBBIES_1_085_CA_1,11108,14.334483190628994
CA_1,HOBBIES_1_085_CA_1,11109,12.169777962064998
CA_1,HOBBIES_1_085_CA_1,11110,8.061910022220902
CA_1,HOBBIES_1_085_CA_1,11111,14.738636760067891
CA_1,HOBBIES_1_085_CA_1,11112,14.361165701013036
CA_1,HOBBIES_1_085_CA_1,11113,3.130911544407584
CA_1,HOBBIES_1_085_CA_1,11114,3.3491398795342873
CA_1,HOBBIES_1_085_CA_1,11115,14.971345773290611
CA_1,HOBBIES_1_085_CA_1,11116,2.634684501412063
CA_1,HOBBIES_1_085_CA_1,11117,15.584453801494623
CA_1,HOBBIES_1_085_CA_1,11118,7.839169084568632
CA_1,HOBBIES_1_085_CA_1,11119,8.769698960543472
CA_1,HOBBIES_1_085_CA_1,11120,2.364031514066836
CA_1,HOBBIES_1_085_CA_1,11121,8.250831724013082
CA_1,HOBBIES_1_085_CA_1,11122,2.510094468764045
CA_1,HOBBIES_1_085_CA_1,11123,5.955664882584859
CA_1,HOBBIES_1_085_CA_1,11124,12.417826474651852
CA_1,HOBBIES_1_085_CA_1,11125,4.971597871846155
CA_1,HOBBIES_1_085_CA_1,11126,10.65001985253411
CA_1,HOBBIES_1_085_CA_1,11127,4.394110169710482
CA_1,HOBBIES_1_085_CA_1,11128,7.232269350608538
CA_1,HOBBIES_1_085_CA_1,11129,5.130354876590221
CA_1,HOBBIES_1_085_CA_1,11130,2.7799396231811073
CA_1,HOBBIES_1_086_CA_1,11101,12.067634363000465
CA_1,HOBBIES_1_086_CA_1,11102,5.620295134992405
CA_1,HOBBIES_1_086_CA_1,11103,7.134943370121351
CA_1,HOBBIES_1_086_CA_1,11104,11.248234630425257
CA_1,HOBBIES_1_086_CA_1,11105,8.938893382128759
CA_1,HOBBIES_1_086_CA_1,11106,4.63032385705356
CA_1,HOBBIES_1_086_CA_1,11107,8.336008676818729
CA_1,HOBBIES_1_086_CA_1,11108,4.352478609903263
CA_1,HOBBIES_1_086_CA_1,11109,4.234423205496162
CA_1,HOBBIES_1_086_CA_1,11110,9.087291550253683
CA_1,HOBBIES_1_086_CA_1,11111,11.187090941692114
CA_1,HOBBIES_1_086_CA_1,11112,15.155006423968535
CA_1,HOBBIES_1_086_CA_1,11113,2.492617851876278
CA_1,HOBBIES_1_086_CA_1,11114,4.739092099881698
CA_1,HOBBIES_1_086_CA_1,11115,11.99504331940953
CA_1,HOBBIES_1_086_CA_1,11116,5.464423262043745
CA_1,HOBBIES_1_086_CA_1,11117,4.054583171660985
CA_1,HOBBIES_1_086_CA_1,11118,3.700741719291592
CA_1,HOBBIES_1_086_CA_1,11119,3.9646846416431574
CA_1,HOBBIES_1_086_CA_1,11120,9.344525091873628
CA_1,HOBBIES_1_086_CA_1,11121,8.003508719213313
CA_1,HOBBIES_1_086_CA_1,11122,11.861121496109595
CA_1,HOBBIES_1_086_CA_1,11123,6.112964645303636
CA_1,HOBBIES_1_086_CA_1,11124,8.474200510971505
CA_1,HOBBIES_1_086_CA_1,11125,11.521422173822563
CA_1,HOBBIES_1_086_CA_1,11126,6.026978246686593
CA_1,HOBBIES_1_086_CA_1,11127,15.061537742237135
CA_1,HOBBIES_1_086_CA_1,11128,12.83235854169899
CA_1,HOBBIES_1_086_CA_1,11129,5.825622176561041
CA_1,HOBBIES_1_086_CA_1,11130,4.625201372195438
CA_1,HOBBIES_1_087_CA_1,11101,5.392400263349182
CA_1,HOBBIES_1_087_CA_1,11102,15.479347902209804
CA_1,HOBBIES_1_087_CA_1,11103,2.6479473111737186
CA_1,HOBBIES_1_087_CA_1,11104,10.64198171989765
CA_1,HOBBIES_1_087_CA_1,11105,7.483003684145666
CA_1,HOBBIES_1_087_CA_1,11106,14.997432539318563
CA_1,HOBBIES_1_087_CA_1,11107,2.5782856368020095
CA_1,HOBBIES_1_087_CA_1,11108,5.438147276338582
CA_1,HOBBIES_1_087_CA_1,11109,4.701972289115596
CA_1,HOBBIES_1_087_CA_1,11110,4.133438100307052
CA_1,HOBBIES_1_087_CA_1,11111,13.154577134081872
CA_1,HOBBIES_1_087_CA_1,11112,4.553735012988433
CA_1,HOBBIES_1_087_CA_1,11113,7.19910383511838
CA_1,HOBBIES_1_087_CA_1,11114,3.335993183879365
CA_1,HOBBIES_1_087_CA_1,11115,13.914515206719889
CA_1,HOBBIES_1_087_CA_1,11116,15.651401904671754
CA_1,HOBBIES_1_087_CA_1,11117,7.954418748103594
CA_1,HOBBIES_1_087_CA_1,11118,13.086702656924283
CA_1,HOBBIES_1_087_CA_1,11119,4.712147279235013
CA_1,HOBBIES_1_087_CA_1,11120,9.472630561856942
CA_1,HOBBIES_1_087_CA_1,11121,11.719595963151354
CA_1,HOBBIES_1_087_CA_1,11122,6.917604448269628
CA_1,HOBBIES_1_087_CA_1,11123,10.283813963831376
CA_1,HOBBIES_1_087_CA_1,11124,5.298751774940155
CA_1,HOBBIES_1_087_CA_1,11125,10.303764738210765
CA_1,HOBBIES_1_087_CA_1,11126,5.895057458985159
CA_1,HOBBIES_1_087_CA_1,11127,10.792519548198438
CA_1,HOBBIES_1_087_CA_1,11128,7.997799212624336
CA_1,HOBBIES_1_087_CA_1,11129,7.42762390562555
CA_1,HOBBIES_1_087_CA_1,11130,11.723542862577366
CA_1,HOBBIES_1_088_CA_1,11101,9.410959703042515
CA_1,HOBBIES_1_088_CA_1,11102,13.17749550189196
CA_1,HOBBIES_1_088_CA_1,11103,10.835230610890648
CA_1,HOBBIES_1_088_CA_1,11104,4.844771218087191
CA_1,HOBBIES_1_088_CA_1,11105,12.175158580110551
CA_1,HOBBIES_1_088_CA_1,11106,7.645986226231542
CA_1,HOBBIES_1_088_CA_1,11107,3.582778345585462
CA_1,HOBBIES_1_088_CA_1,11108,9.907566041372984
CA_1,HOBBIES_1_088_CA_1,11109,5.680563644203484
CA_1,HOBBIES_1_088_CA_1,11110,8.960068363544067
CA_1,HOBBIES_1_088_CA_1,11111,10.503350338470153
CA_1,HOBBIES_1_088_CA_1,11112,11.572040236680452
CA_1,HOBBIES_1_088_CA_1,11113,11.216933901693613
CA_1,HOBBIES_1_088_CA_1,11114,4.99160348426365
CA_1,HOBBIES_1_088_CA_1,11115,5.562742623094565
CA_1,HOBBIES_1_088_CA_1,11116,2.617407585706023
CA_1,HOBBIES_1_088_CA_1,11117,4.169608150050682
CA_1,HOBBIES_1_088_CA_1,11118,8.73063238907456
CA_1,HOBBIES_1_088_CA_1,11119,3.2178352821938403
CA_1,HOBBIES_1_088_CA_1,11120,8.00099639888478
CA_1,HOBBIES_1_088_CA_1,11121,4.2357173948939195
CA_1,HOBBIES_1_088_CA_1,11122,7.263474090222652
CA_1,HOBBIES_1_088_CA_1,11123,9.295562972411112
CA_1,HOBBIES_1_088_CA_1,11124,8.292642296437288
CA_1,HOBBIES_1_088_CA_1,11125,4.1034277800540275
CA_1,HOBBIES_1_088_CA_1,11126,8.301506928368758
CA_1,HOBBIES_1_088_CA_1,11127,6.216060340440422
CA_1,HOBBIES_1_088_CA_1,11128,13.321016307683813
CA_1,HOBBIES_1_088_CA_1,11129,3.26318438719837
CA_1,HOBBIES_1_088_CA_1,11130,15.97711545265976
CA_1,HOBBIES_1_089_CA_1,11101,2.9496249713171503
CA_1,HOBBIES_1_089_CA_1,11102,4.314772031736187
CA_1,HOBBIES_1_089_CA_1,11103,12.410578020720825
CA_1,HOBBIES_1_089_CA_1,11104,12.31240344954247
CA_1,HOBBIES_1_089_CA_1,11105,14.745425665604191
CA_1,HOBBIES_1_089_CA_1,11106,15.43099122864451
CA_1,HOBBIES_1_089_CA_1,11107,6.361897337280833
CA_1,HOBBIES_1_089_CA_1,11108,8.101933525166533
CA_1,HOBBIES_1_089_CA_1,11109,9.982387845713966
CA_1,HOBBIES_1_089_CA_1,11110,9.072604625919574
CA_1,HOBBIES_1_089_CA_1,11111,3.3367252427591403
CA_1,HOBBIES_1_089_CA_1,11112,11.751931135595433
CA_1,HOBBIES_1_089_CA_1,11113,13.874284304468938
CA_1,HOBBIES_1_089_CA_1,11114,10.183385226200436
CA_1,HOBBIES_1_089_CA_1,11115,11.057821289262936
CA_1,HOBBIES_1_089_CA_1,11116,6.188644051308929
CA_1,HOBBIES_1_089_CA_1,11117,3.192307728871193
CA_1,HOBBIES_1_089_CA_1,11118,8.83554093970473
CA_1,HOBBIES_1_089_CA_1,11119,9.503078155755327
CA_1,HOBBIES_1_089_CA_1,11120,12.299972812275199
CA_1,HOBBIES_1_089_CA_1,11121,15.559041106996208
CA_1,HOBBIES_1_089_CA_1,11122,2.0661176816753875
CA_1,HOBBIES_1_089_CA_1,11123,12.439913545950573
CA_1,HOBBIES_1_089_CA_1,11124,12.310138777849668
CA_1,HOBBIES_1_089_CA_1,11125,10.721781310607415
CA_1,HOBBIES_1_089_CA_1,11126,7.030010247035026
CA_1,HOBBIES_1_089_CA_1,11127,13.311599868047022
CA_1,HOBBIES_1_089_CA_1,11128,6.169733641243076
CA_1,HOBBIES_1_089_CA_1,11129,14.4091617284418
CA_1,HOBBIES_1_089_CA_1,11130,14.724475130427448
CA_1,HOBBIES_1_090_CA_1,11101,5.064704710838458
CA_1,HOBBIES_1_090_CA_1,11102,12.173117114098781
CA_1,HOBBIES_1_090_CA_1,11103,7.485429042398144
CA_1,HOBBIES_1_090_CA_1,11104,15.85261209892884
CA_1,HOBBIES_1_090_CA_1,11105,12.51787177722308
CA_1,HOBBIES_1_090_CA_1,11106,12.545668896648566
CA_1,HOBBIES_1_090_CA_1,11107,10.953940482687967
CA_1,HOBBIES_1_090_CA_1,11108,6.877313661431163
CA_1,HOBBIES_1_090_CA_1,11109,10.286578331766044
CA_1,HOBBIES_1_090_CA_1,11110,8.778264810746034
CA_1,HOBBIES_1_090_CA_1,11111,8.861888578988053
CA_1,HOBBIES_1_090_CA_1,11112,4.799710876491449
CA_1,HOBBIES_1_090_CA_1,11113,12.504396884921144
CA_1,HOBBIES_1_090_CA_1,11114,15.055157146074674
CA_1,HOBBIES_1_090_CA_1,11115,6.3603308101874525
CA_1,HOBBIES_1_090_CA_1,11116,2.352081585839432
CA_1,HOBBIES_1_090_CA_1,11117,2.1373178079012094
CA_1,HOBBIES_1_090_CA_1,11118,2.620788821303306
CA_1,HOBBIES_1_090_CA_1,11119,2.468510751650628
CA_1,HOBBIES_1_090_CA_1,11120,13.70984331159314
CA_1,HOBBIES_1_090_CA_1,11121,10.123830127377646
CA_1,HOBBIES_1_090_CA_1,11122,12.339106054536192
CA_1,HOBBIES_1_090_CA_1,11123,15.972430853808136
CA_1,HOBBIES_1_090_CA_1,11124,9.542494896780479
CA_1,HOBBIES_1_090_CA_1,11125,5.678032418610611
CA_1,HOBBIES_1_090_CA_1,11126,9.903632765564623
CA_1,HOBBIES_1_090_CA_1,11127,13.682813830960475
CA_1,HOBBIES_1_090_CA_1,11128,14.534583389011347
CA_1,HOBBIES_1_090_CA_1,11129,5.230043695850705
CA_1,HOBBIES_1_090_CA_1,11130,11.213394039976617
CA_1,HOBBIES_1_091_CA_1,11101,12.557714219904463
CA_1,HOBBIES_1_091_CA_1,11102,5.524232644955308
CA_1,HOBBIES_1_091_CA_1,11103,11.66325481862438
CA_1,HOBBIES_1_091_CA_1,11104,12.51989645799618
CA_1,HOBBIES_1_091_CA_1,11105,5.607225804128319
CA_1,HOBBIES_1_091_CA_1,11106,4.5027673873365
CA_1,HOBBIES_1_091_CA_1,11107,9.952854596670559
CA_1,HOBBIES_1_091_CA_1,11108,14.161231038485132
CA_1,HOBBIES_1_091_CA_1,11109,2.0525569718708567
CA_1,HOBBIES_1_091_CA_1,11110,13.853034758241561
CA_1,HOBBIES_1_091_CA_1,11111,2.8424728182405854
CA_1,HOBBIES_1_091_CA_1,11112,12.838785746690322
CA_1,HOBBIES_1_091_CA_1,11113,13.492287158914314
CA_1,HOBBIES_1_091_CA_1,11114,3.97913542214575
CA_1,HOBBIES_1_091_CA_1,11115,8.513046331743421
CA_1,HOBBIES_1_091_CA_1,11116,5.992528083444386
CA_1,HOBBIES_1_091_CA_1,11117,6.773066211655647
CA_1,HOBBIES_1_091_CA_1,11118,4.256467021467687
CA_1,HOBBIES_1_091_CA_1,11119,10.397253910872037
CA_1,HOBBIES_1_091_CA_1,11120,4.965703919546531
CA_1,HOBBIES_1_091_CA_1,11121,14.87906745483354
CA_1,HOBBIES_1_091_CA_1,11122,8.485269274727353
CA_1,HOBBIES_1_091_CA_1,11123,6.396792777925586
CA_1,HOBBIES_1_091_CA_1,11124,12.628670869121528
CA_1,HOBBIES_1_091_CA_1,11125,15.309454352985952
CA_1,HOBBIES_1_091_CA_1,11126,8.354141314067606
CA_1,HOBBIES_1_091_CA_1,11127,6.4509339328382165
CA_1,HOBBIES_1_091_CA_1,11128,3.1609643660315148
CA_1,HOBBIES_1_091_CA_1,11129,8.430265487790463
CA_1,HOBBIES_1_091_CA_1,11130,3.726768541033467
CA_1,HOBBIES_1_092_CA_1,11101,3.0203143864225046
CA_1,HOBBIES_1_092_CA_1,11102,8.11196328429652
CA_1,HOBBIES_1_092_CA_1,11103,3.9401870498500733
CA_1,HOBBIES_1_092_CA_1,11104,10.393927524140095
CA_1,HOBBIES_1_092_CA_1,11105,6.338401115472862
CA_1,HOBBIES_1_092_CA_1,11106,4.61683479389241
CA_1,HOBBIES_1_092_CA_1,11107,12.683274969821117
CA_1,HOBBIES_1_092_CA_1,11108,6.875694398358563
CA_1,HOBBIES_1_092_CA_1,11109,6.038391727378406
CA_1,HOBBIES_1_092_CA_1,11110,7.188451970458862
CA_1,HOBBIES_1_092_CA_1,11111,10.421379521398816
CA_1,HOBBIES_1_092_CA_1,11112,15.779140934284696
CA_1,HOBBIES_1_092_CA_1,11113,7.124097785042318
CA_1,HOBBIES_1_092_CA_1,11114,6.699109425348573
CA_1,HOBBIES_1_092_CA_1,11115,8.256768276522086
CA_1,HOBBIES_1_092_CA_1,11116,5.685347013725205
CA_1,HOBBIES_1_092_CA_1,11117,10.670985109355101
CA_1,HOBBIES_1_092_CA_1,11118,5.813975321246307
CA_1,HOBBIES_1_092_CA_1,11119,5.820871699779164
CA_1,HOBBIES_1_092_CA_1,11120,4.6264779386603765
CA_1,HOBBIES_1_092_CA_1,11121,2.0246216612734513
CA_1,HOBBIES_1_092_CA_1,11122,7.781267967091345
CA_1,HOBBIES_1_092_CA_1,11123,15.495348249029666
CA_1,HOBBIES_1_092_CA_1,11124,9.649319218056629
CA_1,HOBBIES_1_092_CA_1,11125,5.028959585274752
CA_1,HOBBIES_1_092_CA_1,11126,2.3005280873157563
CA_1,HOBBIES_1_092_CA_1,11127,13.791336934146628
CA_1,HOBBIES_1_092_CA_1,11128,4.203902831361235
CA_1,HOBBIES_1_092_CA_1,11129,8.830165662639773
CA_1,HOBBIES_1_092_CA_1,11130,3.6073569221193833
CA_1,HOBBIES_1_093_CA_1,11101,13.362170241316443
CA_1,HOBBIES_1_093_CA_1,11102,12.329421442740477
CA_1,HOBBIES_1_093_CA_1,11103,10.91898926594186
CA_1,HOBBIES_1_093_CA_1,11104,13.980327100237911
CA_1,HOBBIES_1_093_CA_1,11105,11.32377646044694
CA_1,HOBBIES_1_093_CA_1,11106,9.044900859838096
CA_1,HOBBIES_1_093_CA_1,11107,7.709716911388835
CA_1,HOBBIES_1_093_CA_1,11108,6.345330801399472
CA_1,HOBBIES_1_093_CA_1,11109,5.77522016891634
CA_1,HOBBIES_1_093_CA_1,11110,4.200970642628747
CA_1,HOBBIES_1_093_CA_1,11111,12.570046680632078
CA_1,HOBBIES_1_093_CA_1,11112,9.366480460498977
CA_1,HOBBIES_1_093_CA_1,11113,7.450923543156149
CA_1,HOBBIES_1_093_CA_1,11114,15.454329938359214
CA_1,HOBBIES_1_093_CA_1,11115,12.794814388636127
CA_1,HOBBIES_1_093_CA_1,11116,5.008945183535821
CA_1,HOBBIES_1_093_CA_1,11117,5.3186492125312
CA_1,HOBBIES_1_093_CA_1,11118,7.365216830682016
CA_1,HOBBIES_1_093_CA_1,11119,9.186374918340222
CA_1,HOBBIES_1_093_CA_1,11120,6.992624542525942
CA_1,HOBBIES_1_093_CA_1,11121,2.4060529844257417
CA_1,HOBBIES_1_093_CA_1,11122,11.292188413514372
CA_1,HOBBIES_1_093_CA_1,11123,5.1356221497106604
CA_1,HOBBIES_1_093_CA_1,11124,13.713756466100035
CA_1,HOBBIES_1_093_CA_1,11125,4.557405274333792
CA_1,HOBBIES_1_093_CA_1,11126,9.492954648975687
CA_1,HOBBIES_1_093_CA_1,11127,4.727666072309719
CA_1,HOBBIES_1_093_CA_1,11128,5.503195252460234
CA_1,HOBBIES_1_093_CA_1,11129,13.101194474066098
CA_1,HOBBIES_1_093_CA_1,11130,7.976614462285482
CA_1,HOBBIES_1_094_CA_1,11101,9.115591402435147
CA_1,HOBBIES_1_094_CA_1,11102,7.515371175638876
CA_1,HOBBIES_1_094_CA_1,11103,13.271045817824591
CA_1,HOBBIES_1_094_CA_1,11104,7.374693184590899
CA_1,HOBBIES_1_094_CA_1,11105,2.791927511565225
CA_1,HOBBIES_1_094_CA_1,11106,8.868415206802661
CA_1,HOBBIES_1_094_CA_1,11107,15.475007695335107
CA_1,HOBBIES_1_094_CA_1,11108,13.732023105923414
CA_1,HOBBIES_1_094_CA_1,11109,8.714228042906608
CA_1,HOBBIES_1_094_CA_1,11110,13.228621472409403
CA_1,HOBBIES_1_094_CA_1,11111,9.579378032270386
CA_1,HOBBIES_1_094_CA_1,11112,2.2224707332928224
CA_1,HOBBIES_1_094_CA_1,11113,8.886396432262616
CA_1,HOBBIES_1_094_CA_1,11114,9.946200475273185
CA_1,HOBBIES_1_094_CA_1,11115,13.20277119506329
CA_1,HOBBIES_1_094_CA_1,11116,13.638642907498063
CA_1,HOBBIES_1_094_CA_1,11117,8.4421824606249
CA_1,HOBBIES_1_094_CA_1,11118,15.404265749128347
CA_1,HOBBIES_1_094_CA_1,11119,9.906844772653082
CA_1,HOBBIES_1_094_CA_1,11120,11.568335316416187
CA_1,HOBBIES_1_094_CA_1,11121,13.916059594718549
CA_1,HOBBIES_1_094_CA_1,11122,15.814116912574727
CA_1,HOBBIES_1_094_CA_1,11123,12.042293990045982
CA_1,HOBBIES_1_094_CA_1,11124,5.264101741941943
CA_1,HOBBIES_1_094_CA_1,11125,11.611606171569127
CA_1,HOBBIES_1_094_CA_1,11126,11.986021747346939
CA_1,HOBBIES_1_094_CA_1,11127,2.6783994050841953
CA_1,HOBBIES_1_094_CA_1,11128,10.491491507738404
CA_1,HOBBIES_1_094_CA_1,11129,9.827263751914057
CA_1,HOBBIES_1_094_CA_1,11130,13.768605254560907
CA_1,HOBBIES_1_095_CA_1,11101,5.5624119978687165
CA_1,HOBBIES_1_095_CA_1,11102,12.771349103572344
CA_1,HOBBIES_1_095_CA_1,11103,4.295912849176461
CA_1,HOBBIES_1_095_CA_1,11104,3.659455319832092
CA_1,HOBBIES_1_095_CA_1,11105,3.720484436084594
CA_1,HOBBIES_1_095_CA_1,11106,2.0654028036331047
CA_1,HOBBIES_1_095_CA_1,11107,3.9431994564558615
CA_1,HOBBIES_1_095_CA_1,11108,10.977239533046113
CA_1,HOBBIES_1_095_CA_1,11109,14.170200220824523
CA_1,HOBBIES_1_095_CA_1,11110,2.132740731890148
CA_1,HOBBIES_1_095_CA_1,11111,7.406104950152565
CA_1,HOBBIES_1_095_CA_1,11112,7.314624704310051
CA_1,HOBBIES_1_095_CA_1,11113,8.0719747710547
CA_1,HOBBIES_1_095_CA_1,11114,10.973690851022843
CA_1,HOBBIES_1_095_CA_1,11115,8.257653091799238
CA_1,HOBBIES_1_095_CA_1,11116,7.004075651293866
CA_1,HOBBIES_1_095_CA_1,11117,11.27336074550185
CA_1,HOBBIES_1_095_CA_1,11118,2.356071955216059
CA_1,HOBBIES_1_095_CA_1,11119,3.8644039050492145
CA_1,HOBBIES_1_095_CA_1,11120,14.443321276837073
CA_1,HOBBIES_1_095_CA_1,11121,15.437152921262879
CA_1,HOBBIES_1_095_CA_1,11122,12.05054037377983
CA_1,HOBBIES_1_095_CA_1,11123,14.077340232368025
CA_1,HOBBIES_1_095_CA_1,11124,15.816961799458824
CA_1,HOBBIES_1_095_CA_1,11125,7.4860676572709615
CA_1,HOBBIES_1_095_CA_1,11126,9.793402713502266
CA_1,HOBBIES_1_095_CA_1,11127,8.656330710492957
CA_1,HOBBIES_1_095_CA_1,11128,7.066434436383858
CA_1,HOBBIES_1_095_CA_1,11129,11.945040140973573
CA_1,HOBBIES_1_095_CA_1,11130,8.193441286576183
CA_1,HOBBIES_1_096_CA_1,11101,8.064611192066675
CA_1,HOBBIES_1_096_CA_1,11102,2.896852366863122
CA_1,HOBBIES_1_096_CA_1,11103,5.887684206558189
CA_1,HOBBIES_1_096_CA_1,11104,11.83223827178399
CA_1,HOBBIES_1_096_CA_1,11105,9.726445917320524
CA_1,HOBBIES_1_096_CA_1,11106,4.648867203612405
CA_1,HOBBIES_1_096_CA_1,11107,9.89497829426882
CA_1,HOBBIES_1_096_CA_1,11108,13.5837837163018
CA_1,HOBBIES_1_096_CA_1,11109,6.443732929605449
CA_1,HOBBIES_1_096_CA_1,11110,3.5469702065596453
CA_1,HOBBIES_1_096_CA_1,11111,8.60904546855403
CA_1,HOBBIES_1_096_CA_1,11112,6.750522792969589
CA_1,HOBBIES_1_096_CA_1,11113,14.858750240739475
CA_1,HOBBIES_1_096_CA_1,11114,14.526632769997466
CA_1,HOBBIES_1_096_CA_1,11115,5.134104434935515
CA_1,HOBBIES_1_096_CA_1,11116,9.199108641594353
CA_1,HOBBIES_1_096_CA_1,11117,8.86502167928216
CA_1,HOBBIES_1_096_CA_1,11118,5.123350563692788
CA_1,HOBBIES_1_096_CA_1,11119,3.7111851381541214
CA_1,HOBBIES_1_096_CA_1,11120,15.21687545041997
CA_1,HOBBIES_1_096_CA_1,11121,15.308345514077923
CA_1,HOBBIES_1_096_CA_1,11122,13.558515704365242
CA_1,HOBBIES_1_096_CA_1,11123,15.699040254203583
CA_1,HOBBIES_1_096_CA_1,11124,8.642826926023066
CA_1,HOBBIES_1_096_CA_1,11125,7.560813895281906
CA_1,HOBBIES_1_096_CA_1,11126,15.523692442414719
CA_1,HOBBIES_1_096_CA_1,11127,2.709308345075015
CA_1,HOBBIES_1_096_CA_1,11128,13.601846548635532
CA_1,HOBBIES_1_096_CA_1,11129,3.0905144687699018
CA_1,HOBBIES_1_096_CA_1,11130,3.140394508564113
CA_1,HOBBIES_1_097_CA_1,11101,7.20406999339476
CA_1,HOBBIES_1_097_CA_1,11102,10.437320179557
CA_1,HOBBIES_1_097_CA_1,11103,8.879793350171848
CA_1,HOBBIES_1_097_CA_1,11104,13.773759608289103
CA_1,HOBBIES_1_097_CA_1,11105,4.598528658056092
CA_1,HOBBIES_1_097_CA_1,11106,14.970140404275616
CA_1,HOBBIES_1_097_CA_1,11107,4.695038623387134
CA_1,HOBBIES_1_097_CA_1,11108,6.25506835879401
CA_1,HOBBIES_1_097_CA_1,11109,7.956554641145451
CA_1,HOBBIES_1_097_CA_1,11110,6.454974795071697
CA_1,HOBBIES_1_097_CA_1,11111,5.782934675016555
CA_1,HOBBIES_1_097_CA_1,11112,15.092495916200885
CA_1,HOBBIES_1_097_CA_1,11113,14.47131549898888
CA_1,HOBBIES_1_097_CA_1,11114,11.84523828634923
CA_1,HOBBIES_1_097_CA_1,11115,2.617988375484586
CA_1,HOBBIES_1_097_CA_1,11116,2.9053986830224696
CA_1,HOBBIES_1_097_CA_1,11117,15.283482079984047
CA_1,HOBBIES_1_097_CA_1,11118,7.658335250407485
CA_1,HOBBIES_1_097_CA_1,11119,12.729064279609842
CA_1,HOBBIES_1_097_CA_1,11120,5.22709542677097
CA_1,HOBBIES_1_097_CA_1,11121,9.588807414666006
CA_1,HOBBIES_1_097_CA_1,11122,7.9459749887916615
CA_1,HOBBIES_1_097_CA_1,11123,7.04196432946245
CA_1,HOBBIES_1_097_CA_1,11124,6.576661390594788
CA_1,HOBBIES_1_097_CA_1,11125,8.229153974555478
CA_1,HOBBIES_1_097_CA_1,11126,10.248974291696495
CA_1,HOBBIES_1_097_CA_1,11127,7.739282150465714
CA_1,HOBBIES_1_097_CA_1,11128,11.212427289159116
CA_1,HOBBIES_1_097_CA_1,11129,10.835505931130248
CA_1,HOBBIES_1_097_CA_1,11130,7.293823128754885
CA_1,HOBBIES_1_098_CA_1,11101,15.491007096398105
CA_1,HOBBIES_1_098_CA_1,11102,3.463209061845257
CA_1,HOBBIES_1_098_CA_1,11103,5.575749667441175
CA_1,HOBBIES_1_098_CA_1,11104,14.197730887649044
CA_1,HOBBIES_1_098_CA_1,11105,8.143782616225296
CA_1,HOBBIES_1_098_CA_1,11106,7.843353879980565
CA_1,HOBBIES_1_098_CA_1,11107,7.596646713552561
CA_1,HOBBIES_1_098_CA_1,11108,3.5980574031641597
CA_1,HOBBIES_1_098_CA_1,11109,5.565842887739481
CA_1,HOBBIES_1_098_CA_1,11110,12.804562749548221
CA_1,HOBBIES_1_098_CA_1,11111,13.51230327074958
CA_1,HOBBIES_1_098_CA_1,11112,6.958532046893078
CA_1,HOBBIES_1_098_CA_1,11113,5.661028009004985
CA_1,HOBBIES_1_098_CA_1,11114,13.970785270388577
CA_1,HOBBIES_1_098_CA_1,11115,9.78557390153165
CA_1,HOBBIES_1_098_CA_1,11116,8.765858921895845
CA_1,HOBBIES_1_098_CA_1,11117,8.028630898732189
CA_1,HOBBIES_1_098_CA_1,11118,10.511672397101758
CA_1,HOBBIES_1_098_CA_1,11119,3.4634895361955422
CA_1,HOBBIES_1_098_CA_1,11120,11.634444795349818
CA_1,HOBBIES_1_098_CA_1,11121,3.201852798760589
CA_1,HOBBIES_1_098_CA_1,11122,13.292480992396374
CA_1,HOBBIES_1_098_CA_1,11123,7.114044214840606
CA_1,HOBBIES_1_098_CA_1,11124,12.41733924045971
CA_1,HOBBIES_1_098_CA_1,11125,2.213789824493594
CA_1,HOBBIES_1_098_CA_1,11126,15.34045538991161
CA_1,HOBBIES_1_098_CA_1,11127,4.805207808039357
CA_1,HOBBIES_1_098_CA_1,11128,8.547845723678137
CA_1,HOBBIES_1_098_CA_1,11129,5.856994614391985
CA_1,HOBBIES_1_098_CA_1,11130,6.130988183601884
CA_1,HOBBIES_1_099_CA_1,11101,12.830452302979412
CA_1,HOBBIES_1_099_CA_1,11102,9.111793511393065
CA_1,HOBBIES_1_099_CA_1,11103,4.766479766151526
CA_1,HOBBIES_1_099_CA_1,11104,15.54632040320857
CA_1,HOBBIES_1_099_CA_1,11105,15.615565012102278
CA_1,HOBBIES_1_099_CA_1,11106,14.061222944913208
CA_1,HOBBIES_1_099_CA_1,11107,8.303930491457319
CA_1,HOBBIES_1_099_CA_1,11108,2.750751475346525
CA_1,HOBBIES_1_099_CA_1,11109,13.706901383107878
CA_1,HOBBIES_1_099_CA_1,11110,12.45949184815913
CA_1,HOBBIES_1_099_CA_1,11111,2.5557791647356805
CA_1,HOBBIES_1_099_CA_1,11112,8.452068256395705
CA_1,HOBBIES_1_099_CA_1,11113,6.6255503897215835
CA_1,HOBBIES_1_099_CA_1,11114,14.690353266413469
CA_1,HOBBIES_1_099_CA_1,11115,10.72694899253766
CA_1,HOBBIES_1_099_CA_1,11116,14.212420723627243
CA_1,HOBBIES_1_099_CA_1,11117,9.966193737508364
CA_1,HOBBIES_1_099_CA_1,11118,12.315481555259515
CA_1,HOBBIES_1_099_CA_1,11119,11.927161377747957
CA_1,HOBBIES_1_099_CA_1,11120,15.890267830420937
CA_1,HOBBIES_1_099_CA_1,11121,5.542266373017727
CA_1,HOBBIES_1_099_CA_1,11122,7.095343568472262
CA_1,HOBBIES_1_099_CA_1,11123,9.296074678534119
CA_1,HOBBIES_1_099_CA_1,11124,14.690156735353126
CA_1,HOBBIES_1_099_CA_1,11125,13.052734577427685
CA_1,HOBBIES_1_099_CA_1,11126,7.9769877767808115
CA_1,HOBBIES_1_099_CA_1,11127,14.220529688487987
CA_1,HOBBIES_1_099_CA_1,11128,5.076223956998472
CA_1,HOBBIES_1_099_CA_1,11129,15.6255245869698
CA_1,HOBBIES_1_099_CA_1,11130,7.439317886109057
